individual_id,filename,captured_at,lat,lon,zone,image_url
WT-153,000105.jpg,2026-02-12 10:01:10,44.779076,135.256238,Olga Reserve,ml/datasets/processed/WT-153/000105.jpg
WT-153,000187.jpg,2026-02-14 08:07:59,44.673878,136.054805,Sikhote-Alin North,ml/datasets/processed/WT-153/000187.jpg
WT-153,000201.jpg,2026-02-17 04:59:21,45.704037,136.403113,Olga Reserve,ml/datasets/processed/WT-153/000201.jpg
WT-153,000269.jpg,2026-02-19 22:27:58,45.33904,136.123023,Sikhote-Alin South,ml/datasets/processed/WT-153/000269.jpg
WT-153,000396.jpg,2026-02-22 09:51:13,46.111639,136.745348,Sikhote-Alin South,ml/datasets/processed/WT-153/000396.jpg
WT-153,000508.jpg,2026-02-24 18:45:19,45.055743,135.538284,Sikhote-Alin South,ml/datasets/processed/WT-153/000508.jpg
WT-153,000566.jpg,2026-02-27 18:35:44,45.217959,135.859889,Sikhote-Alin South,ml/datasets/processed/WT-153/000566.jpg
WT-153,000606.jpg,2026-03-02 15:07:17,46.114257,136.824329,Olga Reserve,ml/datasets/processed/WT-153/000606.jpg
WT-153,000612.jpg,2026-03-06 04:41:29,44.6576,135.732946,Olga Reserve,ml/datasets/processed/WT-153/000612.jpg
WT-153,000627.jpg,2026-03-09 18:12:10,46.270903,135.904088,Sikhote-Alin Central,ml/datasets/processed/WT-153/000627.jpg
WT-153,000656.jpg,2026-03-12 03:26:30,44.955797,135.72347,Sikhote-Alin North,ml/datasets/processed/WT-153/000656.jpg
WT-153,000678.jpg,2026-03-14 09:11:31,46.210635,137.166209,Bikin Valley,ml/datasets/processed/WT-153/000678.jpg
WT-153,000718.jpg,2026-03-16 15:42:18,45.229664,135.925452,Sikhote-Alin Central,ml/datasets/processed/WT-153/000718.jpg
WT-153,000737.jpg,2026-03-20 01:53:57,45.84035,136.754551,Sikhote-Alin North,ml/datasets/processed/WT-153/000737.jpg
WT-153,000753.jpg,2026-03-22 04:37:12,45.958254,135.408506,Bikin Valley,ml/datasets/processed/WT-153/000753.jpg
WT-153,000860.jpg,2026-03-24 08:47:24,45.039896,137.313478,Olga Reserve,ml/datasets/processed/WT-153/000860.jpg
WT-153,000907.jpg,2026-03-26 22:18:01,46.036627,135.139845,Sikhote-Alin North,ml/datasets/processed/WT-153/000907.jpg
WT-153,000925.jpg,2026-03-29 23:35:34,46.110092,136.002912,Sikhote-Alin North,ml/datasets/processed/WT-153/000925.jpg
WT-153,000927.jpg,2026-04-01 20:02:16,46.252735,135.786695,Bikin Valley,ml/datasets/processed/WT-153/000927.jpg
WT-153,000938.jpg,2026-04-05 21:43:30,45.291264,137.286369,Bikin Valley,ml/datasets/processed/WT-153/000938.jpg
WT-153,000951.jpg,2026-04-08 14:09:25,45.989978,136.347443,Olga Reserve,ml/datasets/processed/WT-153/000951.jpg
WT-153,001044.jpg,2026-04-11 08:02:56,45.356868,136.458832,Sikhote-Alin South,ml/datasets/processed/WT-153/001044.jpg
WT-153,001155.jpg,2026-04-14 05:53:30,45.519053,135.227274,Sikhote-Alin North,ml/datasets/processed/WT-153/001155.jpg
WT-153,001223.jpg,2026-04-19 01:43:48,46.222206,135.382103,Sikhote-Alin Central,ml/datasets/processed/WT-153/001223.jpg
WT-153,001263.jpg,2026-04-21 17:00:57,44.627055,135.954048,Bikin Valley,ml/datasets/processed/WT-153/001263.jpg
WT-153,001300.jpg,2026-04-23 10:43:11,45.558229,137.427696,Sikhote-Alin North,ml/datasets/processed/WT-153/001300.jpg
WT-153,001323.jpg,2026-04-25 17:53:33,46.269577,136.877194,Sikhote-Alin South,ml/datasets/processed/WT-153/001323.jpg
WT-153,001332.jpg,2026-04-27 21:04:32,44.723104,136.086913,Bikin Valley,ml/datasets/processed/WT-153/001332.jpg
WT-153,001376.jpg,2026-05-01 10:38:34,45.939361,137.42972,Sikhote-Alin Central,ml/datasets/processed/WT-153/001376.jpg
WT-153,001410.jpg,2026-05-03 21:52:43,45.515363,135.266027,Sikhote-Alin South,ml/datasets/processed/WT-153/001410.jpg
WT-153,001491.jpg,2026-05-06 19:27:33,44.897822,135.934785,Sikhote-Alin Central,ml/datasets/processed/WT-153/001491.jpg
WT-153,001513.jpg,2026-05-08 13:22:27,45.578758,136.946566,Olga Reserve,ml/datasets/processed/WT-153/001513.jpg
WT-153,001590.jpg,2026-05-11 19:51:30,45.477211,135.279669,Sikhote-Alin South,ml/datasets/processed/WT-153/001590.jpg
WT-153,001676.jpg,2026-05-13 19:25:03,46.257444,137.079164,Sikhote-Alin South,ml/datasets/processed/WT-153/001676.jpg
WT-153,001750.jpg,2026-05-16 06:55:53,45.634714,135.196893,Bikin Valley,ml/datasets/processed/WT-153/001750.jpg
WT-153,001839.jpg,2026-05-19 06:03:51,46.132047,137.444961,Olga Reserve,ml/datasets/processed/WT-153/001839.jpg
WT-153,001952.jpg,2026-05-21 17:37:37,45.450565,136.374509,Sikhote-Alin South,ml/datasets/processed/WT-153/001952.jpg
WT-153,001994.jpg,2026-05-23 19:33:03,45.555348,136.516485,Sikhote-Alin Central,ml/datasets/processed/WT-153/001994.jpg
WT-153,002009.jpg,2026-05-27 07:39:40,45.879735,136.782372,Bikin Valley,ml/datasets/processed/WT-153/002009.jpg
WT-153,002019.jpg,2026-05-29 06:10:24,46.490299,136.624695,Bikin Valley,ml/datasets/processed/WT-153/002019.jpg
WT-153,002055.jpg,2026-06-01 07:43:49,44.995811,135.160065,Sikhote-Alin North,ml/datasets/processed/WT-153/002055.jpg
WT-153,002200.jpg,2026-06-03 07:33:35,45.676617,135.575287,Sikhote-Alin Central,ml/datasets/processed/WT-153/002200.jpg
WT-153,002260.jpg,2026-06-06 20:34:31,44.617748,135.168501,Sikhote-Alin North,ml/datasets/processed/WT-153/002260.jpg
WT-153,002320.jpg,2026-06-09 08:27:13,46.219271,135.177143,Sikhote-Alin Central,ml/datasets/processed/WT-153/002320.jpg
WT-153,002322.jpg,2026-06-11 15:41:41,45.578468,136.808381,Olga Reserve,ml/datasets/processed/WT-153/002322.jpg
WT-153,002503.jpg,2026-06-14 21:26:21,45.652423,135.607493,Bikin Valley,ml/datasets/processed/WT-153/002503.jpg
WT-153,002535.jpg,2026-06-17 11:59:11,44.693862,136.077628,Bikin Valley,ml/datasets/processed/WT-153/002535.jpg
WT-153,002646.jpg,2026-06-19 12:27:35,45.322205,137.159592,Sikhote-Alin North,ml/datasets/processed/WT-153/002646.jpg
WT-153,002651.jpg,2026-06-21 00:44:39,44.696836,136.006553,Sikhote-Alin South,ml/datasets/processed/WT-153/002651.jpg
WT-153,002728.jpg,2026-06-21 16:33:29,46.101185,135.273173,Sikhote-Alin Central,ml/datasets/processed/WT-153/002728.jpg
WT-153,002739.jpg,2026-06-24 09:58:18,45.343763,135.696363,Sikhote-Alin Central,ml/datasets/processed/WT-153/002739.jpg
WT-153,002936.jpg,2026-06-27 13:42:46,46.248972,135.188462,Olga Reserve,ml/datasets/processed/WT-153/002936.jpg
WT-153,002943.jpg,2026-06-30 20:20:21,45.581176,135.036895,Sikhote-Alin North,ml/datasets/processed/WT-153/002943.jpg
WT-153,002978.jpg,2026-07-03 21:07:00,46.352734,137.121739,Sikhote-Alin Central,ml/datasets/processed/WT-153/002978.jpg
WT-153,002992.jpg,2026-07-05 15:47:12,46.229301,137.256107,Sikhote-Alin Central,ml/datasets/processed/WT-153/002992.jpg
WT-153,003027.jpg,2026-07-08 13:09:12,45.257946,137.463272,Sikhote-Alin South,ml/datasets/processed/WT-153/003027.jpg
WT-153,003096.jpg,2026-07-12 02:13:06,45.070498,136.741479,Olga Reserve,ml/datasets/processed/WT-153/003096.jpg
WT-153,003186.jpg,2026-07-13 23:46:54,45.823743,136.216679,Sikhote-Alin Central,ml/datasets/processed/WT-153/003186.jpg
WT-153,003219.jpg,2026-07-15 21:40:37,45.658361,136.355488,Sikhote-Alin South,ml/datasets/processed/WT-153/003219.jpg
WT-153,003257.jpg,2026-07-20 02:41:46,44.614331,136.460444,Olga Reserve,ml/datasets/processed/WT-153/003257.jpg
WT-153,003297.jpg,2026-07-23 07:27:54,44.613759,136.269571,Sikhote-Alin Central,ml/datasets/processed/WT-153/003297.jpg
WT-153,003343.jpg,2026-07-25 08:07:19,44.637043,135.169902,Sikhote-Alin Central,ml/datasets/processed/WT-153/003343.jpg
WT-153,003354.jpg,2026-07-26 09:51:58,45.639351,136.447298,Sikhote-Alin North,ml/datasets/processed/WT-153/003354.jpg
WT-153,003386.jpg,2026-07-29 19:18:53,45.738763,136.048062,Olga Reserve,ml/datasets/processed/WT-153/003386.jpg
WT-153,003437.jpg,2026-07-31 16:33:49,45.021531,136.674315,Sikhote-Alin South,ml/datasets/processed/WT-153/003437.jpg
WT-153,003530.jpg,2026-08-02 21:24:47,44.977372,135.989465,Sikhote-Alin South,ml/datasets/processed/WT-153/003530.jpg
WT-153,003540.jpg,2026-08-03 18:50:44,46.371469,135.023289,Olga Reserve,ml/datasets/processed/WT-153/003540.jpg
WT-153,003607.jpg,2026-08-06 15:47:40,46.496909,137.490241,Sikhote-Alin North,ml/datasets/processed/WT-153/003607.jpg
WT-153,003696.jpg,2026-08-08 07:05:20,44.764913,135.872522,Sikhote-Alin North,ml/datasets/processed/WT-153/003696.jpg
WT-153,003800.jpg,2026-08-10 13:06:12,46.25854,135.923818,Sikhote-Alin Central,ml/datasets/processed/WT-153/003800.jpg
WT-153,003829.jpg,2026-08-12 04:19:36,45.105034,137.459633,Olga Reserve,ml/datasets/processed/WT-153/003829.jpg
WT-153,003844.jpg,2026-08-14 22:58:44,44.515646,137.04276,Sikhote-Alin South,ml/datasets/processed/WT-153/003844.jpg
WT-153,003944.jpg,2026-08-17 16:48:44,46.256254,135.661165,Sikhote-Alin North,ml/datasets/processed/WT-153/003944.jpg
WT-153,004016.jpg,2026-08-20 00:14:00,45.984833,135.38862,Sikhote-Alin South,ml/datasets/processed/WT-153/004016.jpg
WT-153,004042.jpg,2026-08-21 13:47:36,44.907195,136.585595,Sikhote-Alin South,ml/datasets/processed/WT-153/004042.jpg
WT-153,004109.jpg,2026-08-23 08:07:45,45.510818,135.627803,Sikhote-Alin North,ml/datasets/processed/WT-153/004109.jpg
WT-153,004124.jpg,2026-08-26 09:34:06,45.05336,135.008864,Sikhote-Alin Central,ml/datasets/processed/WT-153/004124.jpg
WT-153,004125.jpg,2026-08-29 05:55:09,45.774227,135.654888,Bikin Valley,ml/datasets/processed/WT-153/004125.jpg
WT-153,004219.jpg,2026-08-30 23:47:08,44.519339,135.18811,Sikhote-Alin Central,ml/datasets/processed/WT-153/004219.jpg
WT-153,004239.jpg,2026-09-02 04:48:39,45.591181,137.086488,Olga Reserve,ml/datasets/processed/WT-153/004239.jpg
WT-153,004263.jpg,2026-09-03 22:39:09,44.583658,135.911629,Sikhote-Alin North,ml/datasets/processed/WT-153/004263.jpg
WT-153,004275.jpg,2026-09-06 03:34:10,46.297849,135.525191,Sikhote-Alin Central,ml/datasets/processed/WT-153/004275.jpg
WT-153,004295.jpg,2026-09-08 06:25:55,45.619767,137.186782,Olga Reserve,ml/datasets/processed/WT-153/004295.jpg
WT-153,004348.jpg,2026-09-10 03:30:48,45.998955,137.31441,Sikhote-Alin Central,ml/datasets/processed/WT-153/004348.jpg
WT-153,004419.jpg,2026-09-13 20:29:40,46.121543,137.203541,Sikhote-Alin North,ml/datasets/processed/WT-153/004419.jpg
WT-153,004433.jpg,2026-09-14 20:38:57,44.858721,137.311218,Bikin Valley,ml/datasets/processed/WT-153/004433.jpg
WT-153,004444.jpg,2026-09-17 18:09:20,46.121499,135.667014,Sikhote-Alin North,ml/datasets/processed/WT-153/004444.jpg
WT-153,004467.jpg,2026-09-18 21:04:19,45.265083,135.096812,Bikin Valley,ml/datasets/processed/WT-153/004467.jpg
WT-153,004597.jpg,2026-09-21 13:05:32,45.420606,135.762977,Sikhote-Alin Central,ml/datasets/processed/WT-153/004597.jpg
WT-153,004613.jpg,2026-09-25 06:15:30,44.945847,136.650083,Bikin Valley,ml/datasets/processed/WT-153/004613.jpg
WT-153,004622.jpg,2026-09-27 01:05:27,46.433778,135.697812,Olga Reserve,ml/datasets/processed/WT-153/004622.jpg
WT-153,004739.jpg,2026-09-30 17:22:50,45.299357,137.452874,Olga Reserve,ml/datasets/processed/WT-153/004739.jpg
WT-153,004808.jpg,2026-10-03 02:07:42,46.254077,135.653038,Olga Reserve,ml/datasets/processed/WT-153/004808.jpg
WT-153,004833.jpg,2026-10-05 16:17:07,46.425069,135.663666,Sikhote-Alin North,ml/datasets/processed/WT-153/004833.jpg
WT-153,004876.jpg,2026-10-07 14:15:42,46.072856,136.090985,Olga Reserve,ml/datasets/processed/WT-153/004876.jpg
WT-153,004911.jpg,2026-10-09 16:07:34,44.731292,137.248762,Sikhote-Alin Central,ml/datasets/processed/WT-153/004911.jpg
WT-153,004936.jpg,2026-10-12 02:01:51,44.503383,137.313938,Olga Reserve,ml/datasets/processed/WT-153/004936.jpg
WT-153,005023.jpg,2026-10-15 15:05:47,45.873714,137.350658,Sikhote-Alin Central,ml/datasets/processed/WT-153/005023.jpg
WT-160,000100.jpg,2026-01-29 05:18:01,45.746311,136.658469,Sikhote-Alin North,ml/datasets/processed/WT-160/000100.jpg
WT-160,000232.jpg,2026-02-01 10:45:37,45.939509,135.750806,Sikhote-Alin South,ml/datasets/processed/WT-160/000232.jpg
WT-160,000257.jpg,2026-02-04 20:43:09,45.894417,136.386031,Sikhote-Alin Central,ml/datasets/processed/WT-160/000257.jpg
WT-160,000311.jpg,2026-02-08 01:11:05,45.340893,137.350909,Sikhote-Alin Central,ml/datasets/processed/WT-160/000311.jpg
WT-160,000342.jpg,2026-02-11 07:57:21,45.595874,135.001015,Sikhote-Alin South,ml/datasets/processed/WT-160/000342.jpg
WT-160,000355.jpg,2026-02-14 15:55:29,44.920365,136.964397,Olga Reserve,ml/datasets/processed/WT-160/000355.jpg
WT-160,000372.jpg,2026-02-17 22:44:20,45.38432,135.534254,Bikin Valley,ml/datasets/processed/WT-160/000372.jpg
WT-160,000387.jpg,2026-02-21 00:37:20,46.087471,137.39958,Sikhote-Alin Central,ml/datasets/processed/WT-160/000387.jpg
WT-160,000463.jpg,2026-02-24 10:35:18,45.827708,136.548152,Sikhote-Alin North,ml/datasets/processed/WT-160/000463.jpg
WT-160,000481.jpg,2026-02-27 16:27:25,46.136847,136.877845,Sikhote-Alin South,ml/datasets/processed/WT-160/000481.jpg
WT-160,000521.jpg,2026-03-03 11:38:16,44.548851,135.612106,Bikin Valley,ml/datasets/processed/WT-160/000521.jpg
WT-160,000523.jpg,2026-03-07 16:05:47,45.722548,136.921223,Bikin Valley,ml/datasets/processed/WT-160/000523.jpg
WT-160,000559.jpg,2026-03-10 13:09:31,44.88887,136.740886,Bikin Valley,ml/datasets/processed/WT-160/000559.jpg
WT-160,000626.jpg,2026-03-14 18:41:25,45.299306,135.368928,Sikhote-Alin North,ml/datasets/processed/WT-160/000626.jpg
WT-160,000636.jpg,2026-03-19 14:08:09,46.27093,136.946051,Sikhote-Alin Central,ml/datasets/processed/WT-160/000636.jpg
WT-160,000739.jpg,2026-03-22 10:43:13,44.851773,137.394915,Olga Reserve,ml/datasets/processed/WT-160/000739.jpg
WT-160,000801.jpg,2026-03-25 07:12:17,46.33494,135.303396,Sikhote-Alin Central,ml/datasets/processed/WT-160/000801.jpg
WT-160,000923.jpg,2026-03-29 05:20:52,46.102833,136.668944,Olga Reserve,ml/datasets/processed/WT-160/000923.jpg
WT-160,001099.jpg,2026-03-31 12:48:08,46.282852,136.531631,Olga Reserve,ml/datasets/processed/WT-160/001099.jpg
WT-160,001135.jpg,2026-04-03 06:59:35,45.353482,137.267137,Bikin Valley,ml/datasets/processed/WT-160/001135.jpg
WT-160,001137.jpg,2026-04-07 22:32:03,45.449349,135.647979,Sikhote-Alin Central,ml/datasets/processed/WT-160/001137.jpg
WT-160,001153.jpg,2026-04-10 23:15:16,46.179726,135.693278,Olga Reserve,ml/datasets/processed/WT-160/001153.jpg
WT-160,001193.jpg,2026-04-14 04:17:36,45.379745,136.783862,Sikhote-Alin Central,ml/datasets/processed/WT-160/001193.jpg
WT-160,001301.jpg,2026-04-17 22:53:54,45.04343,135.799274,Olga Reserve,ml/datasets/processed/WT-160/001301.jpg
WT-160,001306.jpg,2026-04-22 00:42:16,45.266071,135.382013,Sikhote-Alin Central,ml/datasets/processed/WT-160/001306.jpg
WT-160,001358.jpg,2026-04-25 22:46:04,44.628458,136.018998,Olga Reserve,ml/datasets/processed/WT-160/001358.jpg
WT-160,001360.jpg,2026-04-29 10:17:09,46.165782,135.973692,Olga Reserve,ml/datasets/processed/WT-160/001360.jpg
WT-160,001389.jpg,2026-05-03 04:58:13,46.392124,135.04883,Olga Reserve,ml/datasets/processed/WT-160/001389.jpg
WT-160,001399.jpg,2026-05-06 21:02:24,45.203518,136.883688,Bikin Valley,ml/datasets/processed/WT-160/001399.jpg
WT-160,001454.jpg,2026-05-10 15:41:31,45.576441,136.836585,Olga Reserve,ml/datasets/processed/WT-160/001454.jpg
WT-160,001485.jpg,2026-05-15 00:40:11,45.045871,136.214105,Bikin Valley,ml/datasets/processed/WT-160/001485.jpg
WT-160,001539.jpg,2026-05-18 06:25:45,45.172259,136.697855,Bikin Valley,ml/datasets/processed/WT-160/001539.jpg
WT-160,001554.jpg,2026-05-21 18:38:04,46.339083,137.451805,Olga Reserve,ml/datasets/processed/WT-160/001554.jpg
WT-160,001560.jpg,2026-05-24 04:16:16,44.553933,135.985051,Olga Reserve,ml/datasets/processed/WT-160/001560.jpg
WT-160,001694.jpg,2026-05-27 18:01:07,45.357226,137.167128,Sikhote-Alin Central,ml/datasets/processed/WT-160/001694.jpg
WT-160,001699.jpg,2026-05-31 05:24:47,44.600569,135.94776,Sikhote-Alin Central,ml/datasets/processed/WT-160/001699.jpg
WT-160,001797.jpg,2026-06-03 08:11:09,46.25928,135.695642,Bikin Valley,ml/datasets/processed/WT-160/001797.jpg
WT-160,001860.jpg,2026-06-07 05:52:16,45.004543,135.204766,Sikhote-Alin North,ml/datasets/processed/WT-160/001860.jpg
WT-160,001881.jpg,2026-06-10 23:14:32,46.403839,135.560555,Sikhote-Alin North,ml/datasets/processed/WT-160/001881.jpg
WT-160,001973.jpg,2026-06-14 11:09:06,46.062466,136.629387,Sikhote-Alin North,ml/datasets/processed/WT-160/001973.jpg
WT-160,001991.jpg,2026-06-18 15:12:09,44.54076,135.380956,Sikhote-Alin Central,ml/datasets/processed/WT-160/001991.jpg
WT-160,002002.jpg,2026-06-22 05:07:09,45.447122,135.285974,Sikhote-Alin Central,ml/datasets/processed/WT-160/002002.jpg
WT-160,002071.jpg,2026-06-25 09:54:27,45.23779,136.514732,Sikhote-Alin North,ml/datasets/processed/WT-160/002071.jpg
WT-160,002119.jpg,2026-06-29 06:07:45,46.055584,135.409415,Sikhote-Alin South,ml/datasets/processed/WT-160/002119.jpg
WT-160,002149.jpg,2026-07-03 02:30:55,45.123914,136.693368,Bikin Valley,ml/datasets/processed/WT-160/002149.jpg
WT-160,002182.jpg,2026-07-06 22:19:38,45.293309,136.787537,Sikhote-Alin North,ml/datasets/processed/WT-160/002182.jpg
WT-160,002238.jpg,2026-07-09 13:13:45,44.985699,136.742983,Sikhote-Alin South,ml/datasets/processed/WT-160/002238.jpg
WT-160,002257.jpg,2026-07-12 13:19:13,46.200586,136.501029,Sikhote-Alin North,ml/datasets/processed/WT-160/002257.jpg
WT-160,002341.jpg,2026-07-16 12:56:27,44.582138,136.331863,Sikhote-Alin South,ml/datasets/processed/WT-160/002341.jpg
WT-160,002425.jpg,2026-07-19 09:33:00,44.637913,136.618858,Sikhote-Alin North,ml/datasets/processed/WT-160/002425.jpg
WT-160,002453.jpg,2026-07-23 21:14:37,44.711078,137.401969,Bikin Valley,ml/datasets/processed/WT-160/002453.jpg
WT-160,002475.jpg,2026-07-26 13:20:01,45.914617,136.088718,Olga Reserve,ml/datasets/processed/WT-160/002475.jpg
WT-160,002527.jpg,2026-07-30 19:45:24,46.116398,136.345432,Bikin Valley,ml/datasets/processed/WT-160/002527.jpg
WT-160,002578.jpg,2026-08-03 10:17:31,45.429748,137.064336,Olga Reserve,ml/datasets/processed/WT-160/002578.jpg
WT-160,002652.jpg,2026-08-06 23:54:40,46.161462,135.216657,Bikin Valley,ml/datasets/processed/WT-160/002652.jpg
WT-160,002729.jpg,2026-08-12 01:55:12,44.987727,136.161771,Olga Reserve,ml/datasets/processed/WT-160/002729.jpg
WT-160,002731.jpg,2026-08-15 11:50:37,45.488613,135.812535,Bikin Valley,ml/datasets/processed/WT-160/002731.jpg
WT-160,002769.jpg,2026-08-18 16:00:00,44.92424,136.994581,Sikhote-Alin South,ml/datasets/processed/WT-160/002769.jpg
WT-160,002867.jpg,2026-08-22 05:12:47,46.260215,136.389478,Olga Reserve,ml/datasets/processed/WT-160/002867.jpg
WT-160,002986.jpg,2026-08-26 20:50:58,46.396125,135.214032,Bikin Valley,ml/datasets/processed/WT-160/002986.jpg
WT-160,003039.jpg,2026-08-29 10:01:12,45.881219,136.614757,Bikin Valley,ml/datasets/processed/WT-160/003039.jpg
WT-160,003042.jpg,2026-09-02 05:27:16,45.396349,135.043108,Sikhote-Alin South,ml/datasets/processed/WT-160/003042.jpg
WT-160,003113.jpg,2026-09-06 03:26:04,45.112412,136.453889,Bikin Valley,ml/datasets/processed/WT-160/003113.jpg
WT-160,003120.jpg,2026-09-10 22:12:18,45.606946,135.859393,Olga Reserve,ml/datasets/processed/WT-160/003120.jpg
WT-160,003147.jpg,2026-09-14 02:53:13,45.041833,135.628509,Sikhote-Alin North,ml/datasets/processed/WT-160/003147.jpg
WT-160,003176.jpg,2026-09-18 19:09:50,45.942569,135.78887,Olga Reserve,ml/datasets/processed/WT-160/003176.jpg
WT-160,003225.jpg,2026-09-23 13:04:16,44.883082,136.846512,Sikhote-Alin South,ml/datasets/processed/WT-160/003225.jpg
WT-160,003358.jpg,2026-09-26 22:39:48,45.94917,137.441518,Olga Reserve,ml/datasets/processed/WT-160/003358.jpg
WT-160,003377.jpg,2026-09-29 01:22:26,46.165257,135.740616,Sikhote-Alin South,ml/datasets/processed/WT-160/003377.jpg
WT-160,003417.jpg,2026-10-01 15:50:27,44.858883,135.035371,Olga Reserve,ml/datasets/processed/WT-160/003417.jpg
WT-160,003548.jpg,2026-10-05 12:50:06,44.609052,135.730342,Sikhote-Alin Central,ml/datasets/processed/WT-160/003548.jpg
WT-160,003557.jpg,2026-10-09 09:54:06,45.775739,136.88198,Sikhote-Alin North,ml/datasets/processed/WT-160/003557.jpg
WT-160,003641.jpg,2026-10-13 18:36:09,45.438794,136.101172,Sikhote-Alin Central,ml/datasets/processed/WT-160/003641.jpg
WT-160,003674.jpg,2026-10-16 20:15:57,46.430995,135.631196,Bikin Valley,ml/datasets/processed/WT-160/003674.jpg
WT-160,003817.jpg,2026-10-20 18:19:36,45.483493,136.442553,Sikhote-Alin North,ml/datasets/processed/WT-160/003817.jpg
WT-160,003826.jpg,2026-10-24 15:47:20,44.803454,137.027855,Sikhote-Alin South,ml/datasets/processed/WT-160/003826.jpg
WT-160,003839.jpg,2026-10-28 20:06:32,45.616146,136.040435,Olga Reserve,ml/datasets/processed/WT-160/003839.jpg
WT-160,003855.jpg,2026-11-01 19:59:08,46.081482,135.564218,Olga Reserve,ml/datasets/processed/WT-160/003855.jpg
WT-160,003861.jpg,2026-11-04 10:32:49,45.094706,136.471313,Bikin Valley,ml/datasets/processed/WT-160/003861.jpg
WT-160,003918.jpg,2026-11-09 05:02:21,45.11076,136.552568,Olga Reserve,ml/datasets/processed/WT-160/003918.jpg
WT-160,003926.jpg,2026-11-13 05:53:04,46.025474,136.563788,Sikhote-Alin South,ml/datasets/processed/WT-160/003926.jpg
WT-160,003933.jpg,2026-11-16 21:23:02,45.820856,135.392643,Sikhote-Alin Central,ml/datasets/processed/WT-160/003933.jpg
WT-160,003968.jpg,2026-11-20 05:30:15,45.317035,136.723428,Bikin Valley,ml/datasets/processed/WT-160/003968.jpg
WT-160,004151.jpg,2026-11-23 19:45:47,45.082519,135.578691,Sikhote-Alin South,ml/datasets/processed/WT-160/004151.jpg
WT-160,004177.jpg,2026-11-27 07:47:13,45.87477,137.309778,Olga Reserve,ml/datasets/processed/WT-160/004177.jpg
WT-160,004195.jpg,2026-11-30 07:30:32,45.822366,137.334171,Bikin Valley,ml/datasets/processed/WT-160/004195.jpg
WT-160,004204.jpg,2026-12-04 09:55:05,44.797979,135.664081,Sikhote-Alin Central,ml/datasets/processed/WT-160/004204.jpg
WT-160,004294.jpg,2026-12-08 11:14:19,44.64282,135.414807,Sikhote-Alin South,ml/datasets/processed/WT-160/004294.jpg
WT-160,004554.jpg,2026-12-11 02:44:15,46.342385,136.097884,Bikin Valley,ml/datasets/processed/WT-160/004554.jpg
WT-160,004761.jpg,2026-12-14 02:31:34,45.877356,136.749334,Sikhote-Alin South,ml/datasets/processed/WT-160/004761.jpg
WT-160,004820.jpg,2026-12-17 00:19:37,44.660884,135.099652,Bikin Valley,ml/datasets/processed/WT-160/004820.jpg
WT-160,004822.jpg,2026-12-20 17:40:24,45.969068,136.509284,Sikhote-Alin North,ml/datasets/processed/WT-160/004822.jpg
WT-160,004828.jpg,2026-12-25 23:08:52,46.171917,136.437998,Sikhote-Alin North,ml/datasets/processed/WT-160/004828.jpg
WT-160,004917.jpg,2026-12-30 15:52:02,46.499145,136.680704,Sikhote-Alin South,ml/datasets/processed/WT-160/004917.jpg
WT-160,005014.jpg,2027-01-02 07:58:10,44.850381,136.29741,Bikin Valley,ml/datasets/processed/WT-160/005014.jpg
WT-160,005048.jpg,2027-01-05 12:13:52,46.332146,135.453723,Olga Reserve,ml/datasets/processed/WT-160/005048.jpg
WT-160,005146.jpg,2027-01-08 01:16:41,46.43811,136.175026,Bikin Valley,ml/datasets/processed/WT-160/005146.jpg
WT-154,000014.jpg,2026-01-25 18:54:22,44.7092,135.402062,Bikin Valley,ml/datasets/processed/WT-154/000014.jpg
WT-154,000212.jpg,2026-01-28 20:55:36,46.390387,137.033915,Olga Reserve,ml/datasets/processed/WT-154/000212.jpg
WT-154,000283.jpg,2026-01-31 14:45:13,44.573394,135.220149,Sikhote-Alin South,ml/datasets/processed/WT-154/000283.jpg
WT-154,000284.jpg,2026-02-03 01:47:27,45.30835,136.286491,Sikhote-Alin North,ml/datasets/processed/WT-154/000284.jpg
WT-154,000423.jpg,2026-02-08 00:30:19,45.815321,136.356484,Bikin Valley,ml/datasets/processed/WT-154/000423.jpg
WT-154,000505.jpg,2026-02-12 02:28:12,45.745268,136.246233,Bikin Valley,ml/datasets/processed/WT-154/000505.jpg
WT-154,000685.jpg,2026-02-15 16:04:32,46.019981,135.508896,Olga Reserve,ml/datasets/processed/WT-154/000685.jpg
WT-154,000696.jpg,2026-02-19 08:18:44,46.261693,136.211779,Sikhote-Alin North,ml/datasets/processed/WT-154/000696.jpg
WT-154,000851.jpg,2026-02-23 01:17:19,46.446294,136.522179,Sikhote-Alin Central,ml/datasets/processed/WT-154/000851.jpg
WT-154,001069.jpg,2026-02-26 04:29:11,44.527349,136.019977,Sikhote-Alin Central,ml/datasets/processed/WT-154/001069.jpg
WT-154,001181.jpg,2026-02-28 21:16:28,46.484514,137.282325,Bikin Valley,ml/datasets/processed/WT-154/001181.jpg
WT-154,001251.jpg,2026-03-05 03:02:01,44.807942,137.331633,Sikhote-Alin South,ml/datasets/processed/WT-154/001251.jpg
WT-154,001305.jpg,2026-03-08 01:55:52,45.517744,135.683562,Bikin Valley,ml/datasets/processed/WT-154/001305.jpg
WT-154,001511.jpg,2026-03-11 21:12:49,45.60253,135.958965,Olga Reserve,ml/datasets/processed/WT-154/001511.jpg
WT-154,001538.jpg,2026-03-15 02:28:50,45.516482,137.198316,Sikhote-Alin North,ml/datasets/processed/WT-154/001538.jpg
WT-154,001549.jpg,2026-03-18 04:25:46,45.329885,137.335621,Olga Reserve,ml/datasets/processed/WT-154/001549.jpg
WT-154,001687.jpg,2026-03-22 16:31:46,45.034345,135.006413,Sikhote-Alin South,ml/datasets/processed/WT-154/001687.jpg
WT-154,001718.jpg,2026-03-26 10:54:33,45.819882,137.163151,Bikin Valley,ml/datasets/processed/WT-154/001718.jpg
WT-154,001729.jpg,2026-03-28 22:51:47,45.577161,135.86281,Olga Reserve,ml/datasets/processed/WT-154/001729.jpg
WT-154,001746.jpg,2026-04-01 07:00:20,46.365705,137.174004,Sikhote-Alin Central,ml/datasets/processed/WT-154/001746.jpg
WT-154,001842.jpg,2026-04-03 21:31:52,45.643595,135.583906,Bikin Valley,ml/datasets/processed/WT-154/001842.jpg
WT-154,001854.jpg,2026-04-08 07:04:37,45.910456,137.028522,Bikin Valley,ml/datasets/processed/WT-154/001854.jpg
WT-154,001919.jpg,2026-04-11 21:25:01,46.476828,136.980984,Sikhote-Alin Central,ml/datasets/processed/WT-154/001919.jpg
WT-154,002047.jpg,2026-04-14 23:37:33,45.504582,136.475451,Sikhote-Alin North,ml/datasets/processed/WT-154/002047.jpg
WT-154,002290.jpg,2026-04-18 06:34:59,46.248381,136.100766,Olga Reserve,ml/datasets/processed/WT-154/002290.jpg
WT-154,002504.jpg,2026-04-21 15:54:13,44.788311,137.177332,Sikhote-Alin Central,ml/datasets/processed/WT-154/002504.jpg
WT-154,002546.jpg,2026-04-24 21:08:56,44.649656,136.953813,Sikhote-Alin South,ml/datasets/processed/WT-154/002546.jpg
WT-154,002696.jpg,2026-04-27 14:20:22,45.799673,137.129413,Olga Reserve,ml/datasets/processed/WT-154/002696.jpg
WT-154,002819.jpg,2026-05-01 19:04:32,45.260019,135.791653,Bikin Valley,ml/datasets/processed/WT-154/002819.jpg
WT-154,002829.jpg,2026-05-05 05:03:22,44.636841,136.577903,Sikhote-Alin South,ml/datasets/processed/WT-154/002829.jpg
WT-154,003064.jpg,2026-05-08 08:36:47,46.494852,136.866916,Bikin Valley,ml/datasets/processed/WT-154/003064.jpg
WT-154,003080.jpg,2026-05-12 19:34:13,45.907782,135.251268,Sikhote-Alin Central,ml/datasets/processed/WT-154/003080.jpg
WT-154,003150.jpg,2026-05-15 22:32:19,45.888002,137.25856,Sikhote-Alin North,ml/datasets/processed/WT-154/003150.jpg
WT-154,003156.jpg,2026-05-19 02:47:16,45.216927,136.076717,Sikhote-Alin Central,ml/datasets/processed/WT-154/003156.jpg
WT-154,003160.jpg,2026-05-22 14:42:26,45.562333,136.41482,Sikhote-Alin Central,ml/datasets/processed/WT-154/003160.jpg
WT-154,003286.jpg,2026-05-26 00:48:44,46.241679,136.549276,Sikhote-Alin Central,ml/datasets/processed/WT-154/003286.jpg
WT-154,003307.jpg,2026-05-29 13:36:17,45.495335,136.457893,Sikhote-Alin Central,ml/datasets/processed/WT-154/003307.jpg
WT-154,003896.jpg,2026-06-01 07:56:50,45.010653,135.023494,Bikin Valley,ml/datasets/processed/WT-154/003896.jpg
WT-154,003915.jpg,2026-06-04 17:52:37,46.302419,136.694027,Sikhote-Alin Central,ml/datasets/processed/WT-154/003915.jpg
WT-154,003967.jpg,2026-06-09 12:54:30,46.475303,135.747886,Bikin Valley,ml/datasets/processed/WT-154/003967.jpg
WT-154,003986.jpg,2026-06-13 13:51:17,45.880627,136.14209,Sikhote-Alin South,ml/datasets/processed/WT-154/003986.jpg
WT-154,004046.jpg,2026-06-17 01:52:12,45.466416,135.593014,Olga Reserve,ml/datasets/processed/WT-154/004046.jpg
WT-154,004111.jpg,2026-06-21 00:24:46,45.217918,135.739681,Sikhote-Alin South,ml/datasets/processed/WT-154/004111.jpg
WT-154,004256.jpg,2026-06-25 14:33:46,45.291611,135.020245,Sikhote-Alin North,ml/datasets/processed/WT-154/004256.jpg
WT-154,004325.jpg,2026-06-29 01:43:50,46.321234,136.86293,Sikhote-Alin South,ml/datasets/processed/WT-154/004325.jpg
WT-154,004501.jpg,2026-07-02 10:30:31,46.103864,135.547511,Sikhote-Alin Central,ml/datasets/processed/WT-154/004501.jpg
WT-154,004561.jpg,2026-07-05 05:20:20,45.741782,136.694411,Sikhote-Alin Central,ml/datasets/processed/WT-154/004561.jpg
WT-154,004920.jpg,2026-07-07 11:00:22,45.792681,135.772332,Bikin Valley,ml/datasets/processed/WT-154/004920.jpg
WT-154,004971.jpg,2026-07-09 15:37:31,44.566729,135.912153,Sikhote-Alin Central,ml/datasets/processed/WT-154/004971.jpg
WT-246,000009.jpg,2026-01-11 07:15:10,44.90159,136.966282,Sikhote-Alin South,ml/datasets/processed/WT-246/000009.jpg
WT-246,000195.jpg,2026-01-17 14:00:13,45.561705,137.283717,Sikhote-Alin Central,ml/datasets/processed/WT-246/000195.jpg
WT-246,000240.jpg,2026-01-23 03:57:20,45.463696,137.016221,Sikhote-Alin South,ml/datasets/processed/WT-246/000240.jpg
WT-246,000245.jpg,2026-01-30 02:36:02,46.108465,136.170828,Sikhote-Alin North,ml/datasets/processed/WT-246/000245.jpg
WT-246,000420.jpg,2026-02-05 21:40:24,46.220281,136.810542,Bikin Valley,ml/datasets/processed/WT-246/000420.jpg
WT-246,000592.jpg,2026-02-12 22:52:00,46.434539,137.011469,Sikhote-Alin South,ml/datasets/processed/WT-246/000592.jpg
WT-246,000915.jpg,2026-02-19 04:23:03,45.028917,135.308972,Sikhote-Alin South,ml/datasets/processed/WT-246/000915.jpg
WT-246,001064.jpg,2026-02-25 04:45:14,45.845657,136.680852,Olga Reserve,ml/datasets/processed/WT-246/001064.jpg
WT-246,001105.jpg,2026-03-02 02:30:05,45.242947,136.687091,Bikin Valley,ml/datasets/processed/WT-246/001105.jpg
WT-246,001182.jpg,2026-03-08 10:07:10,44.550049,137.210587,Olga Reserve,ml/datasets/processed/WT-246/001182.jpg
WT-246,001205.jpg,2026-03-13 14:35:23,45.795305,136.58851,Bikin Valley,ml/datasets/processed/WT-246/001205.jpg
WT-246,001273.jpg,2026-03-20 02:15:25,46.318775,135.755475,Bikin Valley,ml/datasets/processed/WT-246/001273.jpg
WT-246,001355.jpg,2026-03-25 21:23:04,44.574424,137.489818,Sikhote-Alin North,ml/datasets/processed/WT-246/001355.jpg
WT-246,001395.jpg,2026-03-31 16:08:01,44.694384,137.218148,Sikhote-Alin Central,ml/datasets/processed/WT-246/001395.jpg
WT-246,001435.jpg,2026-04-05 19:04:52,46.398762,136.74121,Olga Reserve,ml/datasets/processed/WT-246/001435.jpg
WT-246,001579.jpg,2026-04-11 20:49:23,45.338254,136.855673,Sikhote-Alin Central,ml/datasets/processed/WT-246/001579.jpg
WT-246,001595.jpg,2026-04-18 06:34:21,46.167386,136.539131,Sikhote-Alin South,ml/datasets/processed/WT-246/001595.jpg
WT-246,001964.jpg,2026-04-23 05:44:16,44.565433,135.926325,Bikin Valley,ml/datasets/processed/WT-246/001964.jpg
WT-246,002049.jpg,2026-04-28 09:28:07,45.225372,137.452319,Sikhote-Alin South,ml/datasets/processed/WT-246/002049.jpg
WT-246,002492.jpg,2026-05-04 04:59:31,45.588932,137.444606,Sikhote-Alin South,ml/datasets/processed/WT-246/002492.jpg
WT-246,002552.jpg,2026-05-10 08:50:59,46.436414,137.372527,Bikin Valley,ml/datasets/processed/WT-246/002552.jpg
WT-246,002638.jpg,2026-05-16 05:11:11,44.683347,135.530265,Olga Reserve,ml/datasets/processed/WT-246/002638.jpg
WT-246,002849.jpg,2026-05-22 01:50:04,45.167018,137.472052,Olga Reserve,ml/datasets/processed/WT-246/002849.jpg
WT-246,002859.jpg,2026-05-27 16:10:52,44.910411,137.074545,Olga Reserve,ml/datasets/processed/WT-246/002859.jpg
WT-246,003128.jpg,2026-06-02 10:37:19,46.239391,135.821399,Sikhote-Alin Central,ml/datasets/processed/WT-246/003128.jpg
WT-246,003134.jpg,2026-06-08 13:14:34,46.077288,136.489954,Sikhote-Alin South,ml/datasets/processed/WT-246/003134.jpg
WT-246,003163.jpg,2026-06-14 10:28:53,44.759984,135.626635,Sikhote-Alin Central,ml/datasets/processed/WT-246/003163.jpg
WT-246,003172.jpg,2026-06-19 18:30:32,44.719853,137.16612,Sikhote-Alin Central,ml/datasets/processed/WT-246/003172.jpg
WT-246,003205.jpg,2026-06-26 15:23:03,44.975863,135.809429,Sikhote-Alin Central,ml/datasets/processed/WT-246/003205.jpg
WT-246,003449.jpg,2026-07-02 09:28:32,45.030735,135.316896,Bikin Valley,ml/datasets/processed/WT-246/003449.jpg
WT-246,003541.jpg,2026-07-06 21:22:21,45.452492,136.945043,Olga Reserve,ml/datasets/processed/WT-246/003541.jpg
WT-246,003846.jpg,2026-07-12 08:09:39,45.687332,136.130014,Sikhote-Alin Central,ml/datasets/processed/WT-246/003846.jpg
WT-246,003866.jpg,2026-07-18 04:11:47,46.066454,137.167452,Olga Reserve,ml/datasets/processed/WT-246/003866.jpg
WT-246,003876.jpg,2026-07-23 17:50:18,45.103261,136.608352,Sikhote-Alin North,ml/datasets/processed/WT-246/003876.jpg
WT-246,003990.jpg,2026-07-30 02:57:45,45.303235,136.715244,Bikin Valley,ml/datasets/processed/WT-246/003990.jpg
WT-246,004181.jpg,2026-08-05 01:26:29,45.924803,136.108906,Sikhote-Alin North,ml/datasets/processed/WT-246/004181.jpg
WT-246,004353.jpg,2026-08-10 12:35:53,44.752383,136.560794,Olga Reserve,ml/datasets/processed/WT-246/004353.jpg
WT-246,004363.jpg,2026-08-16 12:28:55,45.596713,135.812964,Olga Reserve,ml/datasets/processed/WT-246/004363.jpg
WT-246,004429.jpg,2026-08-21 09:40:18,45.710854,135.247946,Sikhote-Alin North,ml/datasets/processed/WT-246/004429.jpg
WT-246,004549.jpg,2026-08-26 21:28:14,46.205585,136.627292,Olga Reserve,ml/datasets/processed/WT-246/004549.jpg
WT-246,004582.jpg,2026-09-01 10:39:54,45.40311,135.571234,Sikhote-Alin South,ml/datasets/processed/WT-246/004582.jpg
WT-246,004743.jpg,2026-09-06 14:29:41,46.154838,135.996825,Sikhote-Alin North,ml/datasets/processed/WT-246/004743.jpg
WT-246,004792.jpg,2026-09-12 00:14:57,45.00978,137.383981,Bikin Valley,ml/datasets/processed/WT-246/004792.jpg
WT-246,004809.jpg,2026-09-18 05:00:31,44.634267,137.07943,Sikhote-Alin North,ml/datasets/processed/WT-246/004809.jpg
WT-246,004821.jpg,2026-09-22 19:04:48,45.245294,135.325289,Sikhote-Alin North,ml/datasets/processed/WT-246/004821.jpg
WT-246,004850.jpg,2026-09-28 21:55:33,45.67293,136.403966,Sikhote-Alin South,ml/datasets/processed/WT-246/004850.jpg
WT-246,004900.jpg,2026-10-04 04:55:35,46.247215,137.352825,Bikin Valley,ml/datasets/processed/WT-246/004900.jpg
WT-246,005141.jpg,2026-10-09 05:06:25,46.236184,136.802652,Sikhote-Alin South,ml/datasets/processed/WT-246/005141.jpg
WT-243,000173.jpg,2026-02-11 21:53:57,44.80946,136.205473,Sikhote-Alin North,ml/datasets/processed/WT-243/000173.jpg
WT-243,000179.jpg,2026-02-15 16:00:31,45.200228,136.390664,Sikhote-Alin North,ml/datasets/processed/WT-243/000179.jpg
WT-243,000236.jpg,2026-02-18 23:44:25,46.114443,137.112888,Olga Reserve,ml/datasets/processed/WT-243/000236.jpg
WT-243,000471.jpg,2026-02-21 07:51:14,45.727147,136.606748,Sikhote-Alin North,ml/datasets/processed/WT-243/000471.jpg
WT-243,000599.jpg,2026-02-23 18:47:33,45.886942,135.072383,Sikhote-Alin South,ml/datasets/processed/WT-243/000599.jpg
WT-243,000604.jpg,2026-02-26 09:13:27,45.905398,135.772462,Sikhote-Alin South,ml/datasets/processed/WT-243/000604.jpg
WT-243,000732.jpg,2026-03-01 08:54:58,44.786503,136.643362,Sikhote-Alin North,ml/datasets/processed/WT-243/000732.jpg
WT-243,000792.jpg,2026-03-04 23:28:13,44.783749,136.58293,Sikhote-Alin North,ml/datasets/processed/WT-243/000792.jpg
WT-243,001459.jpg,2026-03-08 22:47:05,45.252389,136.134114,Sikhote-Alin Central,ml/datasets/processed/WT-243/001459.jpg
WT-243,001558.jpg,2026-03-12 16:02:28,45.240106,136.80399,Olga Reserve,ml/datasets/processed/WT-243/001558.jpg
WT-243,001661.jpg,2026-03-14 17:23:04,44.81116,136.88609,Sikhote-Alin North,ml/datasets/processed/WT-243/001661.jpg
WT-243,001670.jpg,2026-03-17 03:35:02,45.847937,135.680257,Bikin Valley,ml/datasets/processed/WT-243/001670.jpg
WT-243,001734.jpg,2026-03-19 15:30:16,45.046334,136.887358,Sikhote-Alin North,ml/datasets/processed/WT-243/001734.jpg
WT-243,001914.jpg,2026-03-22 23:07:56,45.190346,135.277224,Olga Reserve,ml/datasets/processed/WT-243/001914.jpg
WT-243,002078.jpg,2026-03-25 04:17:48,44.590835,135.988158,Olga Reserve,ml/datasets/processed/WT-243/002078.jpg
WT-243,002114.jpg,2026-03-28 12:22:56,44.609564,135.511058,Sikhote-Alin Central,ml/datasets/processed/WT-243/002114.jpg
WT-243,002140.jpg,2026-03-31 21:29:02,45.078894,135.299961,Bikin Valley,ml/datasets/processed/WT-243/002140.jpg
WT-243,002270.jpg,2026-04-02 23:05:33,45.994028,135.439237,Bikin Valley,ml/datasets/processed/WT-243/002270.jpg
WT-243,002315.jpg,2026-04-05 17:11:30,45.617447,136.67012,Sikhote-Alin South,ml/datasets/processed/WT-243/002315.jpg
WT-243,002720.jpg,2026-04-08 20:43:00,44.644151,137.154411,Sikhote-Alin North,ml/datasets/processed/WT-243/002720.jpg
WT-243,002727.jpg,2026-04-11 09:32:44,44.655725,135.782652,Bikin Valley,ml/datasets/processed/WT-243/002727.jpg
WT-243,002846.jpg,2026-04-14 22:48:49,45.646799,136.773747,Bikin Valley,ml/datasets/processed/WT-243/002846.jpg
WT-243,003209.jpg,2026-04-18 00:36:05,46.432399,135.429683,Olga Reserve,ml/datasets/processed/WT-243/003209.jpg
WT-243,003403.jpg,2026-04-21 23:11:31,45.420194,136.724025,Sikhote-Alin South,ml/datasets/processed/WT-243/003403.jpg
WT-243,003407.jpg,2026-04-26 08:45:18,44.986633,136.472178,Olga Reserve,ml/datasets/processed/WT-243/003407.jpg
WT-243,003538.jpg,2026-04-30 07:47:40,44.657294,137.176311,Sikhote-Alin South,ml/datasets/processed/WT-243/003538.jpg
WT-243,003613.jpg,2026-05-03 18:58:37,44.652759,136.583062,Olga Reserve,ml/datasets/processed/WT-243/003613.jpg
WT-243,003683.jpg,2026-05-08 05:42:14,45.519904,137.264807,Sikhote-Alin South,ml/datasets/processed/WT-243/003683.jpg
WT-243,003871.jpg,2026-05-10 10:34:39,45.790886,135.369225,Sikhote-Alin North,ml/datasets/processed/WT-243/003871.jpg
WT-243,003909.jpg,2026-05-15 02:39:06,44.792888,135.49318,Olga Reserve,ml/datasets/processed/WT-243/003909.jpg
WT-243,004050.jpg,2026-05-19 00:53:34,44.650707,137.37823,Bikin Valley,ml/datasets/processed/WT-243/004050.jpg
WT-243,004161.jpg,2026-05-23 06:07:06,45.427906,136.409339,Olga Reserve,ml/datasets/processed/WT-243/004161.jpg
WT-243,004171.jpg,2026-05-24 23:54:27,45.628984,136.588246,Olga Reserve,ml/datasets/processed/WT-243/004171.jpg
WT-243,004193.jpg,2026-05-28 17:56:33,45.146416,137.427433,Sikhote-Alin South,ml/datasets/processed/WT-243/004193.jpg
WT-243,004397.jpg,2026-06-01 03:37:15,45.384416,135.757051,Sikhote-Alin South,ml/datasets/processed/WT-243/004397.jpg
WT-243,004535.jpg,2026-06-04 14:45:01,45.68284,135.879856,Sikhote-Alin North,ml/datasets/processed/WT-243/004535.jpg
WT-243,004609.jpg,2026-06-07 13:55:09,44.61378,137.079242,Sikhote-Alin North,ml/datasets/processed/WT-243/004609.jpg
WT-243,004902.jpg,2026-06-11 13:01:36,45.789333,137.443421,Sikhote-Alin North,ml/datasets/processed/WT-243/004902.jpg
WT-243,005009.jpg,2026-06-14 04:02:00,45.425423,136.385791,Sikhote-Alin North,ml/datasets/processed/WT-243/005009.jpg
WT-243,005129.jpg,2026-06-16 20:48:47,45.399467,137.02454,Sikhote-Alin Central,ml/datasets/processed/WT-243/005129.jpg
WT-243,005149.jpg,2026-06-19 18:30:54,44.801722,135.154684,Sikhote-Alin North,ml/datasets/processed/WT-243/005149.jpg
WT-136,000438.jpg,2026-01-28 15:30:10,44.668658,136.615318,Sikhote-Alin North,ml/datasets/processed/WT-136/000438.jpg
WT-136,000568.jpg,2026-02-03 14:04:02,45.378844,136.30687,Sikhote-Alin Central,ml/datasets/processed/WT-136/000568.jpg
WT-136,000754.jpg,2026-02-10 06:24:12,45.227796,137.294842,Bikin Valley,ml/datasets/processed/WT-136/000754.jpg
WT-136,000905.jpg,2026-02-15 15:53:01,45.695772,136.973067,Sikhote-Alin South,ml/datasets/processed/WT-136/000905.jpg
WT-136,000921.jpg,2026-02-21 22:28:26,44.631824,135.236265,Bikin Valley,ml/datasets/processed/WT-136/000921.jpg
WT-136,000932.jpg,2026-02-27 15:02:44,45.813128,137.265857,Sikhote-Alin Central,ml/datasets/processed/WT-136/000932.jpg
WT-136,000950.jpg,2026-03-06 15:41:02,45.166724,136.456849,Sikhote-Alin Central,ml/datasets/processed/WT-136/000950.jpg
WT-136,001308.jpg,2026-03-13 02:32:09,45.812109,136.655338,Sikhote-Alin Central,ml/datasets/processed/WT-136/001308.jpg
WT-136,001321.jpg,2026-03-18 17:36:41,45.690082,137.345005,Sikhote-Alin South,ml/datasets/processed/WT-136/001321.jpg
WT-136,001523.jpg,2026-03-23 17:25:35,45.156953,135.319484,Olga Reserve,ml/datasets/processed/WT-136/001523.jpg
WT-136,001602.jpg,2026-03-29 07:00:18,44.686906,136.67614,Olga Reserve,ml/datasets/processed/WT-136/001602.jpg
WT-136,001873.jpg,2026-04-03 19:00:38,44.860526,135.535482,Bikin Valley,ml/datasets/processed/WT-136/001873.jpg
WT-136,001885.jpg,2026-04-10 05:29:13,44.88401,137.499942,Sikhote-Alin Central,ml/datasets/processed/WT-136/001885.jpg
WT-136,001893.jpg,2026-04-17 08:28:09,44.702282,136.927187,Olga Reserve,ml/datasets/processed/WT-136/001893.jpg
WT-136,002112.jpg,2026-04-23 21:52:58,44.575495,135.841911,Olga Reserve,ml/datasets/processed/WT-136/002112.jpg
WT-136,002323.jpg,2026-04-30 07:17:45,44.824494,137.078363,Olga Reserve,ml/datasets/processed/WT-136/002323.jpg
WT-136,002436.jpg,2026-05-06 17:35:12,46.118087,135.413848,Bikin Valley,ml/datasets/processed/WT-136/002436.jpg
WT-136,002445.jpg,2026-05-13 07:17:18,45.939171,137.423972,Olga Reserve,ml/datasets/processed/WT-136/002445.jpg
WT-136,002808.jpg,2026-05-19 09:55:57,45.069856,136.871341,Bikin Valley,ml/datasets/processed/WT-136/002808.jpg
WT-136,003126.jpg,2026-05-25 09:29:16,46.431193,136.960926,Sikhote-Alin Central,ml/datasets/processed/WT-136/003126.jpg
WT-136,003144.jpg,2026-05-31 20:09:21,45.235682,137.367825,Bikin Valley,ml/datasets/processed/WT-136/003144.jpg
WT-136,003167.jpg,2026-06-06 05:11:27,45.263745,136.318649,Sikhote-Alin Central,ml/datasets/processed/WT-136/003167.jpg
WT-136,003338.jpg,2026-06-12 06:45:32,46.133782,137.003148,Sikhote-Alin Central,ml/datasets/processed/WT-136/003338.jpg
WT-136,003374.jpg,2026-06-18 08:54:29,45.461181,135.92803,Sikhote-Alin North,ml/datasets/processed/WT-136/003374.jpg
WT-136,003483.jpg,2026-06-24 03:16:46,45.922802,136.289773,Sikhote-Alin North,ml/datasets/processed/WT-136/003483.jpg
WT-136,003532.jpg,2026-06-29 19:21:27,45.045583,137.263266,Sikhote-Alin Central,ml/datasets/processed/WT-136/003532.jpg
WT-136,003642.jpg,2026-07-06 21:29:24,46.162093,135.229284,Sikhote-Alin Central,ml/datasets/processed/WT-136/003642.jpg
WT-136,003677.jpg,2026-07-13 10:00:27,46.360944,136.037242,Bikin Valley,ml/datasets/processed/WT-136/003677.jpg
WT-136,003831.jpg,2026-07-18 00:25:24,45.504014,135.589445,Sikhote-Alin North,ml/datasets/processed/WT-136/003831.jpg
WT-136,003887.jpg,2026-07-23 19:53:35,46.361652,137.097941,Sikhote-Alin South,ml/datasets/processed/WT-136/003887.jpg
WT-136,003991.jpg,2026-07-29 21:02:40,46.082761,135.343999,Sikhote-Alin South,ml/datasets/processed/WT-136/003991.jpg
WT-136,004140.jpg,2026-08-05 11:51:05,46.162221,136.897103,Bikin Valley,ml/datasets/processed/WT-136/004140.jpg
WT-136,004463.jpg,2026-08-11 00:44:09,45.397203,135.013128,Sikhote-Alin North,ml/datasets/processed/WT-136/004463.jpg
WT-136,004632.jpg,2026-08-17 10:40:16,44.799039,137.350565,Olga Reserve,ml/datasets/processed/WT-136/004632.jpg
WT-136,004722.jpg,2026-08-23 10:22:30,45.555543,135.277967,Sikhote-Alin South,ml/datasets/processed/WT-136/004722.jpg
WT-136,004857.jpg,2026-08-29 09:20:54,44.976879,136.597379,Olga Reserve,ml/datasets/processed/WT-136/004857.jpg
WT-136,005150.jpg,2026-09-04 16:11:45,45.414227,135.277145,Bikin Valley,ml/datasets/processed/WT-136/005150.jpg
WT-136,005153.jpg,2026-09-10 11:59:39,45.530751,135.604845,Sikhote-Alin Central,ml/datasets/processed/WT-136/005153.jpg
WT-265,000021.jpg,2026-01-22 15:27:36,45.729619,135.601411,Bikin Valley,ml/datasets/processed/WT-265/000021.jpg
WT-265,000050.jpg,2026-01-26 18:14:38,45.546969,135.901509,Olga Reserve,ml/datasets/processed/WT-265/000050.jpg
WT-265,000424.jpg,2026-01-31 10:29:44,45.588164,136.966031,Olga Reserve,ml/datasets/processed/WT-265/000424.jpg
WT-265,000676.jpg,2026-02-03 11:56:40,45.44027,136.589177,Sikhote-Alin South,ml/datasets/processed/WT-265/000676.jpg
WT-265,000775.jpg,2026-02-06 23:34:22,45.007301,135.040606,Sikhote-Alin North,ml/datasets/processed/WT-265/000775.jpg
WT-265,000995.jpg,2026-02-10 01:27:46,45.756514,136.928753,Sikhote-Alin South,ml/datasets/processed/WT-265/000995.jpg
WT-265,001217.jpg,2026-02-14 17:16:05,44.766819,135.880748,Sikhote-Alin South,ml/datasets/processed/WT-265/001217.jpg
WT-265,001239.jpg,2026-02-18 14:31:29,46.058285,136.161557,Bikin Valley,ml/datasets/processed/WT-265/001239.jpg
WT-265,001267.jpg,2026-02-21 22:07:37,45.763472,137.028744,Sikhote-Alin North,ml/datasets/processed/WT-265/001267.jpg
WT-265,001344.jpg,2026-02-25 06:48:14,44.573968,135.503977,Sikhote-Alin Central,ml/datasets/processed/WT-265/001344.jpg
WT-265,001348.jpg,2026-02-27 08:38:12,46.271581,135.78899,Sikhote-Alin South,ml/datasets/processed/WT-265/001348.jpg
WT-265,001373.jpg,2026-02-28 23:33:41,45.586061,135.633284,Sikhote-Alin Central,ml/datasets/processed/WT-265/001373.jpg
WT-265,001455.jpg,2026-03-04 11:53:35,45.072222,137.155346,Sikhote-Alin North,ml/datasets/processed/WT-265/001455.jpg
WT-265,002044.jpg,2026-03-08 15:08:07,44.74895,135.920048,Bikin Valley,ml/datasets/processed/WT-265/002044.jpg
WT-265,002066.jpg,2026-03-11 21:04:26,45.986615,137.236594,Bikin Valley,ml/datasets/processed/WT-265/002066.jpg
WT-265,002082.jpg,2026-03-15 08:32:48,45.884137,135.918367,Olga Reserve,ml/datasets/processed/WT-265/002082.jpg
WT-265,002405.jpg,2026-03-19 10:54:40,45.033441,135.206529,Bikin Valley,ml/datasets/processed/WT-265/002405.jpg
WT-265,002550.jpg,2026-03-24 00:11:17,46.144683,136.363686,Sikhote-Alin South,ml/datasets/processed/WT-265/002550.jpg
WT-265,002774.jpg,2026-03-28 04:15:10,44.705196,135.8198,Sikhote-Alin South,ml/datasets/processed/WT-265/002774.jpg
WT-265,002854.jpg,2026-03-31 13:31:37,45.352232,136.724412,Sikhote-Alin South,ml/datasets/processed/WT-265/002854.jpg
WT-265,003381.jpg,2026-04-05 04:08:06,45.394259,136.817036,Sikhote-Alin South,ml/datasets/processed/WT-265/003381.jpg
WT-265,003714.jpg,2026-04-08 07:51:58,45.778939,136.978695,Sikhote-Alin North,ml/datasets/processed/WT-265/003714.jpg
WT-265,003779.jpg,2026-04-11 13:12:53,44.650082,136.593781,Sikhote-Alin South,ml/datasets/processed/WT-265/003779.jpg
WT-265,003897.jpg,2026-04-14 02:32:47,44.819973,135.077852,Olga Reserve,ml/datasets/processed/WT-265/003897.jpg
WT-265,003940.jpg,2026-04-17 17:27:22,45.856178,136.095432,Sikhote-Alin Central,ml/datasets/processed/WT-265/003940.jpg
WT-265,004176.jpg,2026-04-22 13:16:08,45.232657,135.957136,Olga Reserve,ml/datasets/processed/WT-265/004176.jpg
WT-265,004228.jpg,2026-04-26 18:26:07,44.564771,135.383595,Bikin Valley,ml/datasets/processed/WT-265/004228.jpg
WT-265,004260.jpg,2026-05-01 03:01:02,46.026169,136.434804,Olga Reserve,ml/datasets/processed/WT-265/004260.jpg
WT-265,004438.jpg,2026-05-04 15:06:09,45.2339,135.785964,Sikhote-Alin South,ml/datasets/processed/WT-265/004438.jpg
WT-265,004480.jpg,2026-05-08 08:19:46,45.97135,136.24761,Bikin Valley,ml/datasets/processed/WT-265/004480.jpg
WT-265,004596.jpg,2026-05-12 09:46:52,46.327085,135.294402,Sikhote-Alin South,ml/datasets/processed/WT-265/004596.jpg
WT-265,004618.jpg,2026-05-15 23:39:45,45.723754,136.734952,Bikin Valley,ml/datasets/processed/WT-265/004618.jpg
WT-265,004684.jpg,2026-05-19 05:40:36,44.900357,135.339321,Sikhote-Alin North,ml/datasets/processed/WT-265/004684.jpg
WT-265,004685.jpg,2026-05-21 12:33:15,45.390222,135.219477,Sikhote-Alin South,ml/datasets/processed/WT-265/004685.jpg
WT-265,004896.jpg,2026-05-25 16:25:49,45.83568,136.773851,Olga Reserve,ml/datasets/processed/WT-265/004896.jpg
WT-265,004967.jpg,2026-05-27 23:28:37,46.202724,136.779523,Sikhote-Alin Central,ml/datasets/processed/WT-265/004967.jpg
WT-265,005075.jpg,2026-05-31 07:24:52,46.087393,136.271889,Sikhote-Alin North,ml/datasets/processed/WT-265/005075.jpg
WT-265,005114.jpg,2026-06-05 06:15:59,44.973472,136.235055,Sikhote-Alin South,ml/datasets/processed/WT-265/005114.jpg
WT-237,000104.jpg,2026-02-09 04:09:40,45.434812,137.45753,Sikhote-Alin Central,ml/datasets/processed/WT-237/000104.jpg
WT-237,000262.jpg,2026-02-13 05:39:32,45.118581,137.498988,Bikin Valley,ml/datasets/processed/WT-237/000262.jpg
WT-237,000418.jpg,2026-02-17 07:59:00,45.551391,136.922911,Olga Reserve,ml/datasets/processed/WT-237/000418.jpg
WT-237,000443.jpg,2026-02-23 07:11:12,45.784677,136.124936,Olga Reserve,ml/datasets/processed/WT-237/000443.jpg
WT-237,000462.jpg,2026-02-28 10:14:41,45.18903,137.1949,Olga Reserve,ml/datasets/processed/WT-237/000462.jpg
WT-237,000502.jpg,2026-03-04 10:23:08,46.432529,136.081546,Sikhote-Alin North,ml/datasets/processed/WT-237/000502.jpg
WT-237,000713.jpg,2026-03-08 09:07:43,46.162782,136.295255,Sikhote-Alin South,ml/datasets/processed/WT-237/000713.jpg
WT-237,001003.jpg,2026-03-12 23:38:37,45.918664,135.865058,Olga Reserve,ml/datasets/processed/WT-237/001003.jpg
WT-237,001015.jpg,2026-03-17 19:19:49,46.289852,137.114834,Sikhote-Alin South,ml/datasets/processed/WT-237/001015.jpg
WT-237,001392.jpg,2026-03-22 16:11:12,45.048902,136.562556,Olga Reserve,ml/datasets/processed/WT-237/001392.jpg
WT-237,001400.jpg,2026-03-28 14:47:57,45.566956,136.256433,Sikhote-Alin Central,ml/datasets/processed/WT-237/001400.jpg
WT-237,001527.jpg,2026-04-01 03:10:24,44.842401,136.561198,Olga Reserve,ml/datasets/processed/WT-237/001527.jpg
WT-237,001535.jpg,2026-04-04 22:01:57,45.175239,137.309824,Sikhote-Alin North,ml/datasets/processed/WT-237/001535.jpg
WT-237,001781.jpg,2026-04-09 06:48:23,44.590924,136.603634,Olga Reserve,ml/datasets/processed/WT-237/001781.jpg
WT-237,001945.jpg,2026-04-13 10:09:22,45.029312,135.527021,Olga Reserve,ml/datasets/processed/WT-237/001945.jpg
WT-237,002211.jpg,2026-04-16 20:19:56,45.496076,136.56791,Sikhote-Alin South,ml/datasets/processed/WT-237/002211.jpg
WT-237,002265.jpg,2026-04-21 15:16:19,45.783815,135.755235,Sikhote-Alin Central,ml/datasets/processed/WT-237/002265.jpg
WT-237,002476.jpg,2026-04-26 06:48:48,45.094868,135.182433,Sikhote-Alin North,ml/datasets/processed/WT-237/002476.jpg
WT-237,002493.jpg,2026-04-29 13:42:33,44.816161,136.039054,Bikin Valley,ml/datasets/processed/WT-237/002493.jpg
WT-237,002749.jpg,2026-05-04 03:11:09,45.125165,136.795907,Sikhote-Alin South,ml/datasets/processed/WT-237/002749.jpg
WT-237,002963.jpg,2026-05-09 08:07:25,46.450748,135.326915,Sikhote-Alin South,ml/datasets/processed/WT-237/002963.jpg
WT-237,003058.jpg,2026-05-13 07:08:14,44.983476,135.306305,Bikin Valley,ml/datasets/processed/WT-237/003058.jpg
WT-237,003254.jpg,2026-05-17 13:19:40,44.995838,135.242029,Sikhote-Alin South,ml/datasets/processed/WT-237/003254.jpg
WT-237,003698.jpg,2026-05-23 03:52:41,45.336269,137.406715,Sikhote-Alin Central,ml/datasets/processed/WT-237/003698.jpg
WT-237,003741.jpg,2026-05-26 23:31:20,46.126956,137.334379,Sikhote-Alin South,ml/datasets/processed/WT-237/003741.jpg
WT-237,003761.jpg,2026-05-31 10:06:51,46.491939,136.167038,Sikhote-Alin South,ml/datasets/processed/WT-237/003761.jpg
WT-237,003965.jpg,2026-06-05 02:15:08,45.494741,135.225123,Bikin Valley,ml/datasets/processed/WT-237/003965.jpg
WT-237,004265.jpg,2026-06-07 13:23:45,44.930289,135.882238,Sikhote-Alin North,ml/datasets/processed/WT-237/004265.jpg
WT-237,004279.jpg,2026-06-11 18:50:09,45.062713,136.493797,Bikin Valley,ml/datasets/processed/WT-237/004279.jpg
WT-237,004290.jpg,2026-06-16 01:17:42,44.714994,135.334837,Sikhote-Alin South,ml/datasets/processed/WT-237/004290.jpg
WT-237,004322.jpg,2026-06-20 10:19:57,45.955016,136.909642,Sikhote-Alin South,ml/datasets/processed/WT-237/004322.jpg
WT-237,004777.jpg,2026-06-24 22:29:49,45.623634,135.906309,Sikhote-Alin South,ml/datasets/processed/WT-237/004777.jpg
WT-237,004787.jpg,2026-06-29 06:57:45,44.647063,136.260639,Olga Reserve,ml/datasets/processed/WT-237/004787.jpg
WT-237,004904.jpg,2026-07-03 04:31:31,45.860797,135.297028,Sikhote-Alin North,ml/datasets/processed/WT-237/004904.jpg
WT-237,004959.jpg,2026-07-09 13:05:14,45.287807,136.987243,Sikhote-Alin South,ml/datasets/processed/WT-237/004959.jpg
WT-237,004997.jpg,2026-07-13 05:02:41,44.788535,136.506157,Bikin Valley,ml/datasets/processed/WT-237/004997.jpg
WT-237,005005.jpg,2026-07-17 06:17:13,45.500156,135.113258,Sikhote-Alin Central,ml/datasets/processed/WT-237/005005.jpg
WT-249,000339.jpg,2026-01-26 19:42:35,46.286263,135.349452,Olga Reserve,ml/datasets/processed/WT-249/000339.jpg
WT-249,000623.jpg,2026-01-31 23:44:03,45.13706,135.982386,Olga Reserve,ml/datasets/processed/WT-249/000623.jpg
WT-249,000756.jpg,2026-02-06 03:57:54,45.172747,137.070723,Olga Reserve,ml/datasets/processed/WT-249/000756.jpg
WT-249,000774.jpg,2026-02-10 19:00:36,45.479693,136.407311,Bikin Valley,ml/datasets/processed/WT-249/000774.jpg
WT-249,000898.jpg,2026-02-16 06:39:21,45.847613,137.449745,Olga Reserve,ml/datasets/processed/WT-249/000898.jpg
WT-249,001079.jpg,2026-02-20 21:05:14,45.115356,137.246918,Sikhote-Alin North,ml/datasets/processed/WT-249/001079.jpg
WT-249,001224.jpg,2026-02-25 15:26:29,45.811182,137.430142,Olga Reserve,ml/datasets/processed/WT-249/001224.jpg
WT-249,001503.jpg,2026-03-02 13:04:23,45.655269,136.8035,Olga Reserve,ml/datasets/processed/WT-249/001503.jpg
WT-249,001618.jpg,2026-03-06 21:55:52,45.942366,136.936515,Bikin Valley,ml/datasets/processed/WT-249/001618.jpg
WT-249,001621.jpg,2026-03-12 05:37:15,44.795551,136.701817,Sikhote-Alin North,ml/datasets/processed/WT-249/001621.jpg
WT-249,002127.jpg,2026-03-16 11:22:43,44.881569,136.102596,Bikin Valley,ml/datasets/processed/WT-249/002127.jpg
WT-249,002243.jpg,2026-03-21 05:04:19,44.802863,136.726251,Bikin Valley,ml/datasets/processed/WT-249/002243.jpg
WT-249,002440.jpg,2026-03-25 11:09:11,45.443211,137.120942,Sikhote-Alin North,ml/datasets/processed/WT-249/002440.jpg
WT-249,002786.jpg,2026-03-30 16:04:10,45.91155,136.296708,Olga Reserve,ml/datasets/processed/WT-249/002786.jpg
WT-249,003158.jpg,2026-04-04 10:00:22,45.550954,135.784381,Sikhote-Alin Central,ml/datasets/processed/WT-249/003158.jpg
WT-249,003543.jpg,2026-04-10 13:14:16,45.419327,136.332818,Olga Reserve,ml/datasets/processed/WT-249/003543.jpg
WT-249,003767.jpg,2026-04-15 00:48:55,45.941849,136.608273,Sikhote-Alin South,ml/datasets/processed/WT-249/003767.jpg
WT-249,003868.jpg,2026-04-21 04:54:04,45.720153,135.48066,Sikhote-Alin Central,ml/datasets/processed/WT-249/003868.jpg
WT-249,003948.jpg,2026-04-26 07:31:04,46.382971,137.455651,Sikhote-Alin South,ml/datasets/processed/WT-249/003948.jpg
WT-249,004004.jpg,2026-05-02 02:36:39,45.909802,136.7256,Bikin Valley,ml/datasets/processed/WT-249/004004.jpg
WT-249,004076.jpg,2026-05-07 01:25:45,46.367401,136.988513,Sikhote-Alin South,ml/datasets/processed/WT-249/004076.jpg
WT-249,004091.jpg,2026-05-12 20:48:37,45.075579,136.433692,Olga Reserve,ml/datasets/processed/WT-249/004091.jpg
WT-249,004229.jpg,2026-05-16 15:45:42,46.136755,137.386522,Sikhote-Alin Central,ml/datasets/processed/WT-249/004229.jpg
WT-249,004244.jpg,2026-05-23 05:12:35,45.080905,135.719076,Sikhote-Alin North,ml/datasets/processed/WT-249/004244.jpg
WT-249,004511.jpg,2026-05-28 00:03:22,45.012888,136.197698,Sikhote-Alin Central,ml/datasets/processed/WT-249/004511.jpg
WT-249,004557.jpg,2026-06-02 20:10:00,46.155903,135.677832,Olga Reserve,ml/datasets/processed/WT-249/004557.jpg
WT-249,004591.jpg,2026-06-07 22:19:05,45.731354,136.467076,Sikhote-Alin Central,ml/datasets/processed/WT-249/004591.jpg
WT-249,004595.jpg,2026-06-12 18:53:11,44.601531,137.26296,Sikhote-Alin Central,ml/datasets/processed/WT-249/004595.jpg
WT-249,004611.jpg,2026-06-17 20:29:46,45.326603,136.793395,Sikhote-Alin North,ml/datasets/processed/WT-249/004611.jpg
WT-249,004619.jpg,2026-06-22 21:28:18,45.862384,135.343668,Olga Reserve,ml/datasets/processed/WT-249/004619.jpg
WT-249,004662.jpg,2026-06-28 12:24:30,45.805786,137.201619,Bikin Valley,ml/datasets/processed/WT-249/004662.jpg
WT-249,004752.jpg,2026-07-03 16:13:35,45.454897,135.49864,Sikhote-Alin South,ml/datasets/processed/WT-249/004752.jpg
WT-249,004778.jpg,2026-07-08 10:56:22,46.315874,135.223652,Olga Reserve,ml/datasets/processed/WT-249/004778.jpg
WT-249,004928.jpg,2026-07-14 13:56:52,44.96444,136.846716,Sikhote-Alin North,ml/datasets/processed/WT-249/004928.jpg
WT-249,005044.jpg,2026-07-20 04:02:25,46.26449,135.439472,Sikhote-Alin North,ml/datasets/processed/WT-249/005044.jpg
WT-249,005125.jpg,2026-07-25 03:48:58,46.494344,135.992486,Bikin Valley,ml/datasets/processed/WT-249/005125.jpg
WT-249,005130.jpg,2026-07-30 19:52:44,46.244581,135.723667,Sikhote-Alin North,ml/datasets/processed/WT-249/005130.jpg
WT-247,000405.jpg,2026-01-05 06:22:20,45.705566,137.321137,Sikhote-Alin South,ml/datasets/processed/WT-247/000405.jpg
WT-247,000525.jpg,2026-01-08 00:08:10,45.586601,136.234781,Sikhote-Alin Central,ml/datasets/processed/WT-247/000525.jpg
WT-247,000528.jpg,2026-01-13 06:06:06,46.202119,136.170052,Sikhote-Alin Central,ml/datasets/processed/WT-247/000528.jpg
WT-247,000582.jpg,2026-01-16 16:11:05,45.962238,136.620713,Sikhote-Alin Central,ml/datasets/processed/WT-247/000582.jpg
WT-247,000660.jpg,2026-01-19 06:47:32,44.528168,135.84278,Sikhote-Alin South,ml/datasets/processed/WT-247/000660.jpg
WT-247,001125.jpg,2026-01-21 09:41:33,44.85099,137.140366,Bikin Valley,ml/datasets/processed/WT-247/001125.jpg
WT-247,001421.jpg,2026-01-24 02:39:32,46.15398,136.288202,Sikhote-Alin North,ml/datasets/processed/WT-247/001421.jpg
WT-247,001563.jpg,2026-01-27 01:11:45,46.46337,136.193635,Sikhote-Alin Central,ml/datasets/processed/WT-247/001563.jpg
WT-247,001702.jpg,2026-01-30 10:13:52,44.51366,135.958936,Bikin Valley,ml/datasets/processed/WT-247/001702.jpg
WT-247,001767.jpg,2026-02-02 15:51:39,45.103892,136.807206,Sikhote-Alin North,ml/datasets/processed/WT-247/001767.jpg
WT-247,001948.jpg,2026-02-04 02:49:21,45.023106,135.89888,Sikhote-Alin Central,ml/datasets/processed/WT-247/001948.jpg
WT-247,001949.jpg,2026-02-07 15:15:42,45.113613,136.013542,Olga Reserve,ml/datasets/processed/WT-247/001949.jpg
WT-247,002072.jpg,2026-02-10 23:06:50,46.346212,137.219504,Sikhote-Alin South,ml/datasets/processed/WT-247/002072.jpg
WT-247,002324.jpg,2026-02-13 18:58:31,46.381271,135.91886,Sikhote-Alin Central,ml/datasets/processed/WT-247/002324.jpg
WT-247,002543.jpg,2026-02-16 01:18:57,44.938257,135.333922,Sikhote-Alin Central,ml/datasets/processed/WT-247/002543.jpg
WT-247,002636.jpg,2026-02-17 05:35:25,45.24725,136.754852,Bikin Valley,ml/datasets/processed/WT-247/002636.jpg
WT-247,002962.jpg,2026-02-21 00:17:46,46.014701,137.004987,Sikhote-Alin Central,ml/datasets/processed/WT-247/002962.jpg
WT-247,003177.jpg,2026-02-24 06:49:50,45.691629,136.968427,Olga Reserve,ml/datasets/processed/WT-247/003177.jpg
WT-247,003292.jpg,2026-02-26 10:10:25,45.393496,136.759415,Sikhote-Alin North,ml/datasets/processed/WT-247/003292.jpg
WT-247,003394.jpg,2026-03-01 21:55:57,46.157548,137.25722,Sikhote-Alin Central,ml/datasets/processed/WT-247/003394.jpg
WT-247,003466.jpg,2026-03-04 22:30:21,45.645403,135.374631,Sikhote-Alin South,ml/datasets/processed/WT-247/003466.jpg
WT-247,003527.jpg,2026-03-08 14:13:29,45.86059,136.792295,Bikin Valley,ml/datasets/processed/WT-247/003527.jpg
WT-247,003595.jpg,2026-03-11 04:29:57,44.681883,136.275938,Sikhote-Alin North,ml/datasets/processed/WT-247/003595.jpg
WT-247,003738.jpg,2026-03-13 13:50:30,45.413597,135.144342,Bikin Valley,ml/datasets/processed/WT-247/003738.jpg
WT-247,003883.jpg,2026-03-17 00:18:08,45.845535,135.770424,Sikhote-Alin North,ml/datasets/processed/WT-247/003883.jpg
WT-247,003960.jpg,2026-03-19 04:23:31,45.991609,136.445778,Sikhote-Alin North,ml/datasets/processed/WT-247/003960.jpg
WT-247,004023.jpg,2026-03-23 03:51:06,45.347395,136.750962,Olga Reserve,ml/datasets/processed/WT-247/004023.jpg
WT-247,004132.jpg,2026-03-27 23:42:17,44.638038,137.334439,Sikhote-Alin North,ml/datasets/processed/WT-247/004132.jpg
WT-247,004365.jpg,2026-03-31 02:54:08,45.074181,135.449953,Sikhote-Alin Central,ml/datasets/processed/WT-247/004365.jpg
WT-247,004485.jpg,2026-04-03 12:09:56,45.791762,136.050905,Bikin Valley,ml/datasets/processed/WT-247/004485.jpg
WT-247,004773.jpg,2026-04-04 18:31:55,45.397074,137.292788,Bikin Valley,ml/datasets/processed/WT-247/004773.jpg
WT-247,004851.jpg,2026-04-07 05:06:16,45.823585,136.348251,Sikhote-Alin South,ml/datasets/processed/WT-247/004851.jpg
WT-247,005155.jpg,2026-04-11 03:40:38,44.737266,137.482117,Bikin Valley,ml/datasets/processed/WT-247/005155.jpg
WT-172,000029.jpg,2026-02-06 19:49:23,46.012359,137.446227,Bikin Valley,ml/datasets/processed/WT-172/000029.jpg
WT-172,000154.jpg,2026-02-09 03:47:56,45.847,136.361113,Olga Reserve,ml/datasets/processed/WT-172/000154.jpg
WT-172,000281.jpg,2026-02-11 07:12:55,45.421251,135.387803,Sikhote-Alin Central,ml/datasets/processed/WT-172/000281.jpg
WT-172,000670.jpg,2026-02-14 03:47:19,46.374821,136.81256,Sikhote-Alin North,ml/datasets/processed/WT-172/000670.jpg
WT-172,000692.jpg,2026-02-17 16:11:37,45.729846,137.340595,Sikhote-Alin North,ml/datasets/processed/WT-172/000692.jpg
WT-172,001065.jpg,2026-02-20 09:22:54,44.981333,135.168227,Olga Reserve,ml/datasets/processed/WT-172/001065.jpg
WT-172,001653.jpg,2026-02-23 19:46:42,45.906573,135.121691,Sikhote-Alin North,ml/datasets/processed/WT-172/001653.jpg
WT-172,001696.jpg,2026-02-26 12:45:06,45.304531,135.585848,Sikhote-Alin Central,ml/datasets/processed/WT-172/001696.jpg
WT-172,001737.jpg,2026-03-01 01:46:40,44.780271,137.483709,Sikhote-Alin Central,ml/datasets/processed/WT-172/001737.jpg
WT-172,001916.jpg,2026-03-02 08:57:02,46.131573,136.828794,Sikhote-Alin South,ml/datasets/processed/WT-172/001916.jpg
WT-172,002432.jpg,2026-03-03 19:37:23,46.136765,135.59226,Sikhote-Alin Central,ml/datasets/processed/WT-172/002432.jpg
WT-172,002434.jpg,2026-03-05 18:19:26,46.471391,136.303128,Bikin Valley,ml/datasets/processed/WT-172/002434.jpg
WT-172,002473.jpg,2026-03-08 04:41:24,46.397041,137.199285,Sikhote-Alin Central,ml/datasets/processed/WT-172/002473.jpg
WT-172,002593.jpg,2026-03-10 22:34:35,45.751986,136.068001,Bikin Valley,ml/datasets/processed/WT-172/002593.jpg
WT-172,002596.jpg,2026-03-14 01:34:30,45.786632,135.952887,Olga Reserve,ml/datasets/processed/WT-172/002596.jpg
WT-172,002631.jpg,2026-03-16 18:16:57,45.137469,136.040812,Sikhote-Alin Central,ml/datasets/processed/WT-172/002631.jpg
WT-172,002654.jpg,2026-03-19 03:12:20,45.575857,135.60242,Sikhote-Alin Central,ml/datasets/processed/WT-172/002654.jpg
WT-172,003261.jpg,2026-03-22 01:37:07,45.101473,136.768942,Bikin Valley,ml/datasets/processed/WT-172/003261.jpg
WT-172,003444.jpg,2026-03-25 08:25:01,46.435572,136.393217,Sikhote-Alin Central,ml/datasets/processed/WT-172/003444.jpg
WT-172,003452.jpg,2026-03-27 09:37:03,45.276838,135.637489,Sikhote-Alin South,ml/datasets/processed/WT-172/003452.jpg
WT-172,003511.jpg,2026-03-28 22:53:39,46.194267,135.23116,Sikhote-Alin Central,ml/datasets/processed/WT-172/003511.jpg
WT-172,003776.jpg,2026-03-30 04:52:13,44.603073,135.94292,Olga Reserve,ml/datasets/processed/WT-172/003776.jpg
WT-172,003837.jpg,2026-03-31 13:49:29,44.876327,136.904241,Olga Reserve,ml/datasets/processed/WT-172/003837.jpg
WT-172,004001.jpg,2026-04-02 05:27:40,44.934033,135.522223,Sikhote-Alin South,ml/datasets/processed/WT-172/004001.jpg
WT-172,004420.jpg,2026-04-04 05:37:17,44.923616,135.475059,Sikhote-Alin North,ml/datasets/processed/WT-172/004420.jpg
WT-172,004493.jpg,2026-04-08 04:35:40,45.993758,136.885827,Sikhote-Alin Central,ml/datasets/processed/WT-172/004493.jpg
WT-172,004576.jpg,2026-04-10 08:02:24,45.293264,135.598327,Sikhote-Alin South,ml/datasets/processed/WT-172/004576.jpg
WT-172,005065.jpg,2026-04-11 19:34:26,46.051028,135.951654,Olga Reserve,ml/datasets/processed/WT-172/005065.jpg
WT-172,005071.jpg,2026-04-13 23:13:30,45.219289,137.20703,Bikin Valley,ml/datasets/processed/WT-172/005071.jpg
WT-172,005082.jpg,2026-04-15 23:50:47,44.697216,137.453296,Bikin Valley,ml/datasets/processed/WT-172/005082.jpg
WT-168,000111.jpg,2026-01-26 03:49:52,45.625049,135.553185,Sikhote-Alin Central,ml/datasets/processed/WT-168/000111.jpg
WT-168,000210.jpg,2026-02-01 08:12:51,44.53244,136.383279,Olga Reserve,ml/datasets/processed/WT-168/000210.jpg
WT-168,000370.jpg,2026-02-06 08:38:14,44.804823,135.824663,Bikin Valley,ml/datasets/processed/WT-168/000370.jpg
WT-168,000597.jpg,2026-02-11 16:04:49,45.639579,135.614325,Olga Reserve,ml/datasets/processed/WT-168/000597.jpg
WT-168,000677.jpg,2026-02-16 17:27:13,45.014654,137.05398,Bikin Valley,ml/datasets/processed/WT-168/000677.jpg
WT-168,001409.jpg,2026-02-21 12:08:57,45.421658,136.831931,Sikhote-Alin South,ml/datasets/processed/WT-168/001409.jpg
WT-168,001478.jpg,2026-02-27 16:57:10,45.476633,137.292248,Olga Reserve,ml/datasets/processed/WT-168/001478.jpg
WT-168,001544.jpg,2026-03-06 08:10:09,46.480647,137.393092,Olga Reserve,ml/datasets/processed/WT-168/001544.jpg
WT-168,001846.jpg,2026-03-13 07:44:56,46.390376,136.670539,Sikhote-Alin North,ml/datasets/processed/WT-168/001846.jpg
WT-168,001905.jpg,2026-03-19 06:23:15,45.324784,137.106362,Sikhote-Alin Central,ml/datasets/processed/WT-168/001905.jpg
WT-168,002025.jpg,2026-03-25 06:54:48,44.937439,136.140024,Sikhote-Alin North,ml/datasets/processed/WT-168/002025.jpg
WT-168,002156.jpg,2026-03-31 02:40:16,45.73567,136.666887,Olga Reserve,ml/datasets/processed/WT-168/002156.jpg
WT-168,002173.jpg,2026-04-06 15:29:15,44.531464,136.330531,Bikin Valley,ml/datasets/processed/WT-168/002173.jpg
WT-168,002563.jpg,2026-04-11 18:24:54,44.523702,136.323544,Sikhote-Alin South,ml/datasets/processed/WT-168/002563.jpg
WT-168,002570.jpg,2026-04-16 20:43:41,45.504432,136.744648,Bikin Valley,ml/datasets/processed/WT-168/002570.jpg
WT-168,002635.jpg,2026-04-22 09:25:44,46.112335,137.274433,Sikhote-Alin North,ml/datasets/processed/WT-168/002635.jpg
WT-168,002681.jpg,2026-04-28 19:01:49,44.981938,136.549452,Sikhote-Alin South,ml/datasets/processed/WT-168/002681.jpg
WT-168,002947.jpg,2026-05-04 00:43:11,46.130429,135.668312,Bikin Valley,ml/datasets/processed/WT-168/002947.jpg
WT-168,003001.jpg,2026-05-11 05:52:24,45.417995,135.60802,Sikhote-Alin Central,ml/datasets/processed/WT-168/003001.jpg
WT-168,003259.jpg,2026-05-17 17:53:56,45.099949,137.070155,Sikhote-Alin North,ml/datasets/processed/WT-168/003259.jpg
WT-168,003265.jpg,2026-05-22 14:47:31,46.019172,135.233751,Bikin Valley,ml/datasets/processed/WT-168/003265.jpg
WT-168,003384.jpg,2026-05-27 03:15:08,45.254339,136.190013,Sikhote-Alin North,ml/datasets/processed/WT-168/003384.jpg
WT-168,003596.jpg,2026-06-01 16:59:24,46.19066,136.612268,Sikhote-Alin South,ml/datasets/processed/WT-168/003596.jpg
WT-168,003708.jpg,2026-06-07 02:05:24,45.631713,137.144901,Sikhote-Alin North,ml/datasets/processed/WT-168/003708.jpg
WT-168,003971.jpg,2026-06-13 23:36:30,44.959533,137.253182,Olga Reserve,ml/datasets/processed/WT-168/003971.jpg
WT-168,004047.jpg,2026-06-18 16:15:03,45.451001,135.116405,Sikhote-Alin North,ml/datasets/processed/WT-168/004047.jpg
WT-168,004056.jpg,2026-06-24 02:34:10,45.586061,136.645273,Sikhote-Alin Central,ml/datasets/processed/WT-168/004056.jpg
WT-168,004742.jpg,2026-06-29 05:51:26,46.357533,135.786212,Sikhote-Alin Central,ml/datasets/processed/WT-168/004742.jpg
WT-261,000079.jpg,2026-02-10 03:13:51,46.35775,135.748192,Olga Reserve,ml/datasets/processed/WT-261/000079.jpg
WT-261,000206.jpg,2026-02-11 12:56:19,44.980944,137.086626,Bikin Valley,ml/datasets/processed/WT-261/000206.jpg
WT-261,000227.jpg,2026-02-13 17:30:29,45.267692,136.849363,Sikhote-Alin North,ml/datasets/processed/WT-261/000227.jpg
WT-261,000447.jpg,2026-02-15 12:33:40,45.501586,137.435808,Sikhote-Alin North,ml/datasets/processed/WT-261/000447.jpg
WT-261,000752.jpg,2026-02-18 12:23:09,44.652036,136.512922,Olga Reserve,ml/datasets/processed/WT-261/000752.jpg
WT-261,000832.jpg,2026-02-21 09:15:41,46.409717,135.991758,Sikhote-Alin South,ml/datasets/processed/WT-261/000832.jpg
WT-261,000970.jpg,2026-02-24 12:17:48,46.485172,136.226509,Sikhote-Alin South,ml/datasets/processed/WT-261/000970.jpg
WT-261,000981.jpg,2026-02-27 04:37:25,45.606075,135.938567,Sikhote-Alin Central,ml/datasets/processed/WT-261/000981.jpg
WT-261,001148.jpg,2026-03-01 07:54:23,44.671388,136.54654,Sikhote-Alin Central,ml/datasets/processed/WT-261/001148.jpg
WT-261,001290.jpg,2026-03-02 23:25:12,45.926217,135.205095,Sikhote-Alin Central,ml/datasets/processed/WT-261/001290.jpg
WT-261,001369.jpg,2026-03-04 15:49:32,44.808554,135.974055,Sikhote-Alin South,ml/datasets/processed/WT-261/001369.jpg
WT-261,001436.jpg,2026-03-08 01:47:54,44.713102,135.012988,Sikhote-Alin South,ml/datasets/processed/WT-261/001436.jpg
WT-261,001531.jpg,2026-03-09 12:53:58,44.704463,135.218243,Bikin Valley,ml/datasets/processed/WT-261/001531.jpg
WT-261,001548.jpg,2026-03-12 12:25:10,45.397687,136.38685,Bikin Valley,ml/datasets/processed/WT-261/001548.jpg
WT-261,001638.jpg,2026-03-15 08:03:42,45.60844,136.492311,Sikhote-Alin South,ml/datasets/processed/WT-261/001638.jpg
WT-261,002170.jpg,2026-03-18 02:18:15,46.227436,135.030852,Bikin Valley,ml/datasets/processed/WT-261/002170.jpg
WT-261,002262.jpg,2026-03-20 10:45:48,46.302272,137.263019,Sikhote-Alin Central,ml/datasets/processed/WT-261/002262.jpg
WT-261,002513.jpg,2026-03-23 05:11:10,45.643921,135.423957,Bikin Valley,ml/datasets/processed/WT-261/002513.jpg
WT-261,002579.jpg,2026-03-26 01:28:15,45.036814,135.364837,Sikhote-Alin Central,ml/datasets/processed/WT-261/002579.jpg
WT-261,002762.jpg,2026-03-29 02:56:43,45.369353,136.052756,Bikin Valley,ml/datasets/processed/WT-261/002762.jpg
WT-261,002848.jpg,2026-03-31 20:01:45,46.388445,136.802249,Bikin Valley,ml/datasets/processed/WT-261/002848.jpg
WT-261,003399.jpg,2026-04-02 18:18:07,45.687613,135.488871,Sikhote-Alin North,ml/datasets/processed/WT-261/003399.jpg
WT-261,003758.jpg,2026-04-05 09:26:05,45.291384,137.104033,Bikin Valley,ml/datasets/processed/WT-261/003758.jpg
WT-261,003857.jpg,2026-04-08 00:44:58,46.108153,135.823854,Sikhote-Alin South,ml/datasets/processed/WT-261/003857.jpg
WT-261,004526.jpg,2026-04-09 10:13:37,45.802074,136.485982,Sikhote-Alin South,ml/datasets/processed/WT-261/004526.jpg
WT-261,004564.jpg,2026-04-12 13:16:59,45.14133,137.368197,Sikhote-Alin Central,ml/datasets/processed/WT-261/004564.jpg
WT-261,004686.jpg,2026-04-14 16:42:35,45.296479,135.797844,Bikin Valley,ml/datasets/processed/WT-261/004686.jpg
WT-261,004825.jpg,2026-04-17 07:56:02,46.435526,136.954936,Sikhote-Alin South,ml/datasets/processed/WT-261/004825.jpg
WT-268,000033.jpg,2026-01-28 06:29:11,46.364134,135.4995,Olga Reserve,ml/datasets/processed/WT-268/000033.jpg
WT-268,000039.jpg,2026-01-30 17:47:20,44.859854,136.919045,Sikhote-Alin North,ml/datasets/processed/WT-268/000039.jpg
WT-268,000137.jpg,2026-02-03 14:35:03,45.916734,136.096137,Sikhote-Alin South,ml/datasets/processed/WT-268/000137.jpg
WT-268,000314.jpg,2026-02-06 12:03:08,46.162564,135.172897,Bikin Valley,ml/datasets/processed/WT-268/000314.jpg
WT-268,000409.jpg,2026-02-09 10:40:54,45.105665,135.631704,Sikhote-Alin Central,ml/datasets/processed/WT-268/000409.jpg
WT-268,001019.jpg,2026-02-12 05:26:56,45.930473,136.972692,Sikhote-Alin North,ml/datasets/processed/WT-268/001019.jpg
WT-268,001173.jpg,2026-02-14 10:49:50,45.664488,136.335919,Bikin Valley,ml/datasets/processed/WT-268/001173.jpg
WT-268,001452.jpg,2026-02-17 20:52:26,45.58729,136.976802,Sikhote-Alin South,ml/datasets/processed/WT-268/001452.jpg
WT-268,002180.jpg,2026-02-20 14:35:14,45.68764,137.286003,Sikhote-Alin North,ml/datasets/processed/WT-268/002180.jpg
WT-268,002831.jpg,2026-02-22 12:10:28,46.037908,136.644004,Sikhote-Alin South,ml/datasets/processed/WT-268/002831.jpg
WT-268,002937.jpg,2026-02-26 02:41:38,45.626441,136.612578,Bikin Valley,ml/datasets/processed/WT-268/002937.jpg
WT-268,002989.jpg,2026-03-02 01:37:04,46.433622,135.828992,Bikin Valley,ml/datasets/processed/WT-268/002989.jpg
WT-268,003273.jpg,2026-03-05 10:32:50,44.944002,136.867133,Olga Reserve,ml/datasets/processed/WT-268/003273.jpg
WT-268,003621.jpg,2026-03-08 18:11:02,45.661037,136.438088,Bikin Valley,ml/datasets/processed/WT-268/003621.jpg
WT-268,003752.jpg,2026-03-11 07:55:04,45.859111,136.726093,Sikhote-Alin Central,ml/datasets/processed/WT-268/003752.jpg
WT-268,003906.jpg,2026-03-15 00:08:53,45.189935,135.061407,Sikhote-Alin North,ml/datasets/processed/WT-268/003906.jpg
WT-268,004194.jpg,2026-03-17 16:24:35,44.67171,137.078294,Sikhote-Alin Central,ml/datasets/processed/WT-268/004194.jpg
WT-268,004369.jpg,2026-03-22 07:35:54,45.196657,135.857667,Sikhote-Alin Central,ml/datasets/processed/WT-268/004369.jpg
WT-268,004390.jpg,2026-03-24 19:05:50,44.695246,136.804985,Bikin Valley,ml/datasets/processed/WT-268/004390.jpg
WT-268,004775.jpg,2026-03-27 19:56:59,45.137819,135.75066,Sikhote-Alin North,ml/datasets/processed/WT-268/004775.jpg
WT-268,004785.jpg,2026-03-31 14:06:16,44.718725,137.000125,Sikhote-Alin Central,ml/datasets/processed/WT-268/004785.jpg
WT-268,004844.jpg,2026-04-03 19:11:30,45.531988,136.379776,Sikhote-Alin South,ml/datasets/processed/WT-268/004844.jpg
WT-268,004866.jpg,2026-04-05 06:41:08,44.963711,136.012619,Sikhote-Alin Central,ml/datasets/processed/WT-268/004866.jpg
WT-268,004995.jpg,2026-04-07 18:01:56,44.872774,136.64327,Bikin Valley,ml/datasets/processed/WT-268/004995.jpg
WT-268,005000.jpg,2026-04-11 19:44:10,44.894649,136.480508,Bikin Valley,ml/datasets/processed/WT-268/005000.jpg
WT-268,005061.jpg,2026-04-15 02:52:25,44.5089,135.53699,Sikhote-Alin South,ml/datasets/processed/WT-268/005061.jpg
WT-268,005072.jpg,2026-04-18 06:13:44,44.625128,135.25438,Olga Reserve,ml/datasets/processed/WT-268/005072.jpg
WT-264,000083.jpg,2026-01-14 04:33:47,44.894149,135.284887,Bikin Valley,ml/datasets/processed/WT-264/000083.jpg
WT-264,000634.jpg,2026-01-16 16:03:23,45.693942,136.528271,Olga Reserve,ml/datasets/processed/WT-264/000634.jpg
WT-264,001168.jpg,2026-01-19 23:01:00,44.728464,135.879962,Bikin Valley,ml/datasets/processed/WT-264/001168.jpg
WT-264,001411.jpg,2026-01-22 11:20:02,45.911977,135.743612,Olga Reserve,ml/datasets/processed/WT-264/001411.jpg
WT-264,001419.jpg,2026-01-25 01:44:27,45.680337,136.680275,Sikhote-Alin South,ml/datasets/processed/WT-264/001419.jpg
WT-264,001486.jpg,2026-01-28 23:26:33,44.866089,136.733591,Olga Reserve,ml/datasets/processed/WT-264/001486.jpg
WT-264,001704.jpg,2026-02-01 20:14:06,45.276927,136.491065,Olga Reserve,ml/datasets/processed/WT-264/001704.jpg
WT-264,002276.jpg,2026-02-04 23:19:50,45.771003,136.733582,Sikhote-Alin Central,ml/datasets/processed/WT-264/002276.jpg
WT-264,002797.jpg,2026-02-08 17:38:03,45.609825,136.224105,Sikhote-Alin Central,ml/datasets/processed/WT-264/002797.jpg
WT-264,002883.jpg,2026-02-12 17:10:32,45.73882,137.163806,Sikhote-Alin North,ml/datasets/processed/WT-264/002883.jpg
WT-264,002950.jpg,2026-02-17 10:04:35,45.469218,135.487821,Bikin Valley,ml/datasets/processed/WT-264/002950.jpg
WT-264,003013.jpg,2026-02-21 16:36:56,45.48994,136.711742,Bikin Valley,ml/datasets/processed/WT-264/003013.jpg
WT-264,003018.jpg,2026-02-24 23:14:24,45.920285,136.109629,Sikhote-Alin Central,ml/datasets/processed/WT-264/003018.jpg
WT-264,003210.jpg,2026-02-28 14:00:28,46.022113,135.730225,Sikhote-Alin South,ml/datasets/processed/WT-264/003210.jpg
WT-264,003370.jpg,2026-03-04 03:12:43,44.949687,135.721676,Bikin Valley,ml/datasets/processed/WT-264/003370.jpg
WT-264,003496.jpg,2026-03-06 11:50:29,45.490627,136.277015,Olga Reserve,ml/datasets/processed/WT-264/003496.jpg
WT-264,003551.jpg,2026-03-09 11:22:01,44.728413,136.937783,Sikhote-Alin South,ml/datasets/processed/WT-264/003551.jpg
WT-264,003998.jpg,2026-03-11 19:12:46,46.020008,136.103416,Sikhote-Alin Central,ml/datasets/processed/WT-264/003998.jpg
WT-264,004107.jpg,2026-03-14 22:57:10,46.479551,135.256041,Sikhote-Alin Central,ml/datasets/processed/WT-264/004107.jpg
WT-264,004182.jpg,2026-03-17 15:08:08,45.399465,135.871442,Sikhote-Alin North,ml/datasets/processed/WT-264/004182.jpg
WT-264,004504.jpg,2026-03-23 15:30:32,45.37814,137.484894,Sikhote-Alin Central,ml/datasets/processed/WT-264/004504.jpg
WT-264,004634.jpg,2026-03-27 09:28:48,45.878267,137.152622,Olga Reserve,ml/datasets/processed/WT-264/004634.jpg
WT-264,004816.jpg,2026-03-31 23:12:32,45.765541,135.414954,Sikhote-Alin Central,ml/datasets/processed/WT-264/004816.jpg
WT-264,004950.jpg,2026-04-04 17:00:48,46.110881,136.425186,Olga Reserve,ml/datasets/processed/WT-264/004950.jpg
WT-264,004963.jpg,2026-04-06 22:04:28,45.06217,136.346921,Sikhote-Alin South,ml/datasets/processed/WT-264/004963.jpg
WT-264,005047.jpg,2026-04-10 23:02:55,45.645471,137.380993,Olga Reserve,ml/datasets/processed/WT-264/005047.jpg
WT-244,000015.jpg,2026-01-09 11:10:38,46.000188,136.028991,Sikhote-Alin North,ml/datasets/processed/WT-244/000015.jpg
WT-244,000042.jpg,2026-01-13 09:54:18,44.753776,137.165197,Sikhote-Alin Central,ml/datasets/processed/WT-244/000042.jpg
WT-244,000252.jpg,2026-01-15 21:19:44,44.792487,135.805242,Sikhote-Alin Central,ml/datasets/processed/WT-244/000252.jpg
WT-244,000299.jpg,2026-01-18 12:09:46,45.478917,136.443564,Sikhote-Alin South,ml/datasets/processed/WT-244/000299.jpg
WT-244,000360.jpg,2026-01-20 00:00:51,45.755626,135.937931,Sikhote-Alin North,ml/datasets/processed/WT-244/000360.jpg
WT-244,000468.jpg,2026-01-21 13:55:25,44.68619,136.289034,Sikhote-Alin South,ml/datasets/processed/WT-244/000468.jpg
WT-244,000782.jpg,2026-01-23 01:10:54,45.889407,137.193293,Bikin Valley,ml/datasets/processed/WT-244/000782.jpg
WT-244,001116.jpg,2026-01-26 04:25:58,44.504946,136.935338,Sikhote-Alin North,ml/datasets/processed/WT-244/001116.jpg
WT-244,001183.jpg,2026-01-28 12:50:58,45.961864,136.146123,Sikhote-Alin South,ml/datasets/processed/WT-244/001183.jpg
WT-244,001483.jpg,2026-01-31 19:28:50,45.295432,137.420321,Sikhote-Alin Central,ml/datasets/processed/WT-244/001483.jpg
WT-244,001990.jpg,2026-02-02 08:17:12,45.48943,135.807163,Sikhote-Alin South,ml/datasets/processed/WT-244/001990.jpg
WT-244,002339.jpg,2026-02-04 09:44:36,45.632284,136.213345,Sikhote-Alin South,ml/datasets/processed/WT-244/002339.jpg
WT-244,002353.jpg,2026-02-07 17:33:21,46.288309,136.905635,Sikhote-Alin North,ml/datasets/processed/WT-244/002353.jpg
WT-244,002708.jpg,2026-02-11 06:24:33,45.419164,135.310593,Sikhote-Alin Central,ml/datasets/processed/WT-244/002708.jpg
WT-244,003014.jpg,2026-02-14 12:38:49,45.382572,135.00169,Bikin Valley,ml/datasets/processed/WT-244/003014.jpg
WT-244,003088.jpg,2026-02-17 09:14:15,44.763826,136.624993,Sikhote-Alin Central,ml/datasets/processed/WT-244/003088.jpg
WT-244,003284.jpg,2026-02-20 22:46:23,46.248847,137.191488,Sikhote-Alin North,ml/datasets/processed/WT-244/003284.jpg
WT-244,003811.jpg,2026-02-23 04:35:35,45.243688,137.259501,Sikhote-Alin Central,ml/datasets/processed/WT-244/003811.jpg
WT-244,003870.jpg,2026-02-25 07:04:44,44.603575,136.564011,Sikhote-Alin Central,ml/datasets/processed/WT-244/003870.jpg
WT-244,004084.jpg,2026-02-27 13:27:46,44.690367,135.533553,Sikhote-Alin North,ml/datasets/processed/WT-244/004084.jpg
WT-244,004354.jpg,2026-03-02 05:38:23,44.7654,135.565477,Bikin Valley,ml/datasets/processed/WT-244/004354.jpg
WT-244,004577.jpg,2026-03-05 20:31:24,46.134218,137.470387,Bikin Valley,ml/datasets/processed/WT-244/004577.jpg
WT-244,004630.jpg,2026-03-08 11:03:04,45.888062,136.194251,Sikhote-Alin Central,ml/datasets/processed/WT-244/004630.jpg
WT-267,000167.jpg,2026-01-27 11:16:34,45.235123,135.748138,Bikin Valley,ml/datasets/processed/WT-267/000167.jpg
WT-267,001023.jpg,2026-01-29 12:29:25,46.046921,136.882895,Sikhote-Alin Central,ml/datasets/processed/WT-267/001023.jpg
WT-267,001470.jpg,2026-01-31 05:09:26,44.636823,136.408228,Olga Reserve,ml/datasets/processed/WT-267/001470.jpg
WT-267,001706.jpg,2026-02-01 18:06:35,45.80004,136.100249,Sikhote-Alin Central,ml/datasets/processed/WT-267/001706.jpg
WT-267,001934.jpg,2026-02-03 20:00:44,45.32342,136.716415,Sikhote-Alin Central,ml/datasets/processed/WT-267/001934.jpg
WT-267,002302.jpg,2026-02-05 21:39:05,44.673376,135.251163,Sikhote-Alin North,ml/datasets/processed/WT-267/002302.jpg
WT-267,002450.jpg,2026-02-07 16:14:22,46.426497,135.786259,Sikhote-Alin Central,ml/datasets/processed/WT-267/002450.jpg
WT-267,002471.jpg,2026-02-09 15:59:27,44.995573,136.611551,Sikhote-Alin Central,ml/datasets/processed/WT-267/002471.jpg
WT-267,002512.jpg,2026-02-11 03:05:30,45.715186,136.947424,Sikhote-Alin North,ml/datasets/processed/WT-267/002512.jpg
WT-267,002706.jpg,2026-02-13 04:10:46,46.195784,136.646013,Sikhote-Alin South,ml/datasets/processed/WT-267/002706.jpg
WT-267,002787.jpg,2026-02-15 19:05:56,44.877293,135.979378,Sikhote-Alin North,ml/datasets/processed/WT-267/002787.jpg
WT-267,002855.jpg,2026-02-19 01:44:21,46.067603,136.984445,Sikhote-Alin Central,ml/datasets/processed/WT-267/002855.jpg
WT-267,002932.jpg,2026-02-21 02:06:07,45.499165,136.484824,Olga Reserve,ml/datasets/processed/WT-267/002932.jpg
WT-267,002964.jpg,2026-02-23 10:56:30,46.277449,135.030168,Sikhote-Alin South,ml/datasets/processed/WT-267/002964.jpg
WT-267,003580.jpg,2026-02-26 03:41:48,46.221628,136.420951,Sikhote-Alin South,ml/datasets/processed/WT-267/003580.jpg
WT-267,003679.jpg,2026-02-28 08:40:02,45.592712,135.431926,Bikin Valley,ml/datasets/processed/WT-267/003679.jpg
WT-267,004342.jpg,2026-03-03 20:53:22,44.533379,135.168831,Sikhote-Alin South,ml/datasets/processed/WT-267/004342.jpg
WT-267,004677.jpg,2026-03-05 21:19:48,44.931486,137.306448,Bikin Valley,ml/datasets/processed/WT-267/004677.jpg
WT-267,004729.jpg,2026-03-07 06:16:54,45.502098,136.03858,Bikin Valley,ml/datasets/processed/WT-267/004729.jpg
WT-267,004768.jpg,2026-03-09 13:52:33,44.664856,136.341412,Olga Reserve,ml/datasets/processed/WT-267/004768.jpg
WT-267,004872.jpg,2026-03-12 02:28:53,44.658043,137.302312,Sikhote-Alin Central,ml/datasets/processed/WT-267/004872.jpg
WT-267,004883.jpg,2026-03-14 16:48:18,45.57278,135.976829,Sikhote-Alin North,ml/datasets/processed/WT-267/004883.jpg
WT-267,004934.jpg,2026-03-16 18:43:44,46.406856,135.596593,Sikhote-Alin Central,ml/datasets/processed/WT-267/004934.jpg
WT-238,000031.jpg,2026-01-12 09:30:46,44.731973,136.530742,Sikhote-Alin North,ml/datasets/processed/WT-238/000031.jpg
WT-238,000319.jpg,2026-01-17 16:12:58,45.981316,135.298608,Sikhote-Alin Central,ml/datasets/processed/WT-238/000319.jpg
WT-238,000323.jpg,2026-01-24 10:43:35,45.902999,135.409582,Sikhote-Alin South,ml/datasets/processed/WT-238/000323.jpg
WT-238,000514.jpg,2026-01-28 22:25:49,45.941531,135.417407,Sikhote-Alin Central,ml/datasets/processed/WT-238/000514.jpg
WT-238,001276.jpg,2026-02-03 10:57:51,45.999553,137.18365,Sikhote-Alin North,ml/datasets/processed/WT-238/001276.jpg
WT-238,001391.jpg,2026-02-09 04:16:45,46.114216,135.679951,Sikhote-Alin North,ml/datasets/processed/WT-238/001391.jpg
WT-238,001449.jpg,2026-02-14 16:58:46,45.025899,137.437626,Sikhote-Alin North,ml/datasets/processed/WT-238/001449.jpg
WT-238,001610.jpg,2026-02-19 13:39:37,44.610878,137.148399,Sikhote-Alin Central,ml/datasets/processed/WT-238/001610.jpg
WT-238,001799.jpg,2026-02-25 06:54:39,45.235376,135.63779,Sikhote-Alin North,ml/datasets/processed/WT-238/001799.jpg
WT-238,002249.jpg,2026-03-03 19:28:57,44.730667,136.85195,Sikhote-Alin North,ml/datasets/processed/WT-238/002249.jpg
WT-238,002329.jpg,2026-03-08 20:44:11,44.588076,137.157321,Sikhote-Alin Central,ml/datasets/processed/WT-238/002329.jpg
WT-238,002532.jpg,2026-03-15 04:49:14,46.340453,135.447402,Sikhote-Alin North,ml/datasets/processed/WT-238/002532.jpg
WT-238,002957.jpg,2026-03-21 02:08:18,45.60573,137.284869,Bikin Valley,ml/datasets/processed/WT-238/002957.jpg
WT-238,003226.jpg,2026-03-26 20:55:35,46.33171,135.799838,Sikhote-Alin North,ml/datasets/processed/WT-238/003226.jpg
WT-238,003611.jpg,2026-04-02 02:13:12,45.643072,135.298502,Sikhote-Alin North,ml/datasets/processed/WT-238/003611.jpg
WT-238,004087.jpg,2026-04-08 08:01:05,46.462828,137.385199,Sikhote-Alin North,ml/datasets/processed/WT-238/004087.jpg
WT-238,004240.jpg,2026-04-15 04:11:12,46.253982,137.165081,Sikhote-Alin South,ml/datasets/processed/WT-238/004240.jpg
WT-238,004269.jpg,2026-04-20 10:59:50,44.515938,135.501678,Olga Reserve,ml/datasets/processed/WT-238/004269.jpg
WT-238,004283.jpg,2026-04-26 22:37:04,46.069014,136.84894,Sikhote-Alin Central,ml/datasets/processed/WT-238/004283.jpg
WT-238,004355.jpg,2026-05-01 17:28:16,45.486721,136.931533,Sikhote-Alin Central,ml/datasets/processed/WT-238/004355.jpg
WT-238,004727.jpg,2026-05-07 15:17:18,45.964927,136.366398,Sikhote-Alin Central,ml/datasets/processed/WT-238/004727.jpg
WT-238,005132.jpg,2026-05-14 06:51:44,44.547821,136.353863,Sikhote-Alin North,ml/datasets/processed/WT-238/005132.jpg
WT-055,000129.jpg,2026-01-25 07:46:15,45.814608,137.122515,Sikhote-Alin South,ml/datasets/processed/WT-055/000129.jpg
WT-055,000716.jpg,2026-01-28 00:18:09,44.976335,136.230072,Sikhote-Alin North,ml/datasets/processed/WT-055/000716.jpg
WT-055,000811.jpg,2026-01-30 12:59:05,46.445118,135.355934,Sikhote-Alin South,ml/datasets/processed/WT-055/000811.jpg
WT-055,000834.jpg,2026-02-02 20:42:55,46.294575,136.299398,Sikhote-Alin South,ml/datasets/processed/WT-055/000834.jpg
WT-055,001212.jpg,2026-02-05 17:45:24,45.416916,136.869748,Olga Reserve,ml/datasets/processed/WT-055/001212.jpg
WT-055,001378.jpg,2026-02-08 01:19:03,46.139926,135.187076,Olga Reserve,ml/datasets/processed/WT-055/001378.jpg
WT-055,001681.jpg,2026-02-10 06:32:25,44.624566,136.65611,Sikhote-Alin Central,ml/datasets/processed/WT-055/001681.jpg
WT-055,001701.jpg,2026-02-12 07:45:55,45.130018,137.002042,Sikhote-Alin South,ml/datasets/processed/WT-055/001701.jpg
WT-055,001771.jpg,2026-02-14 20:55:36,45.136115,135.67989,Sikhote-Alin North,ml/datasets/processed/WT-055/001771.jpg
WT-055,002075.jpg,2026-02-17 05:35:22,46.040293,135.272432,Sikhote-Alin North,ml/datasets/processed/WT-055/002075.jpg
WT-055,002523.jpg,2026-02-19 02:34:26,44.82875,136.165138,Bikin Valley,ml/datasets/processed/WT-055/002523.jpg
WT-055,002628.jpg,2026-02-21 14:11:58,46.040673,136.129793,Bikin Valley,ml/datasets/processed/WT-055/002628.jpg
WT-055,002632.jpg,2026-02-24 01:13:32,45.030016,135.299784,Sikhote-Alin Central,ml/datasets/processed/WT-055/002632.jpg
WT-055,003151.jpg,2026-02-26 06:25:55,45.90941,136.508256,Sikhote-Alin Central,ml/datasets/processed/WT-055/003151.jpg
WT-055,003429.jpg,2026-02-27 17:11:25,46.17185,135.819484,Sikhote-Alin North,ml/datasets/processed/WT-055/003429.jpg
WT-055,003771.jpg,2026-03-01 06:39:35,45.292489,135.122377,Sikhote-Alin South,ml/datasets/processed/WT-055/003771.jpg
WT-055,004128.jpg,2026-03-01 11:56:58,45.020334,137.476692,Sikhote-Alin North,ml/datasets/processed/WT-055/004128.jpg
WT-055,004162.jpg,2026-03-04 19:35:55,45.611908,136.375302,Sikhote-Alin North,ml/datasets/processed/WT-055/004162.jpg
WT-055,004261.jpg,2026-03-06 09:57:29,45.424086,137.009742,Sikhote-Alin Central,ml/datasets/processed/WT-055/004261.jpg
WT-055,004408.jpg,2026-03-08 14:25:50,46.06192,135.55572,Sikhote-Alin Central,ml/datasets/processed/WT-055/004408.jpg
WT-055,004476.jpg,2026-03-10 18:42:50,46.147347,135.930599,Sikhote-Alin North,ml/datasets/processed/WT-055/004476.jpg
WT-055,004741.jpg,2026-03-12 07:33:09,46.125494,135.0545,Sikhote-Alin North,ml/datasets/processed/WT-055/004741.jpg
WT-097,000044.jpg,2026-01-18 08:12:35,45.386863,135.321979,Sikhote-Alin South,ml/datasets/processed/WT-097/000044.jpg
WT-097,000127.jpg,2026-01-25 03:39:33,44.601275,137.310329,Bikin Valley,ml/datasets/processed/WT-097/000127.jpg
WT-097,000906.jpg,2026-01-31 22:13:37,46.143371,135.987497,Sikhote-Alin North,ml/datasets/processed/WT-097/000906.jpg
WT-097,000983.jpg,2026-02-05 23:44:34,45.207887,137.270761,Sikhote-Alin South,ml/datasets/processed/WT-097/000983.jpg
WT-097,001258.jpg,2026-02-12 02:17:23,45.059709,137.208559,Sikhote-Alin North,ml/datasets/processed/WT-097/001258.jpg
WT-097,001272.jpg,2026-02-16 23:23:04,45.794557,136.247229,Olga Reserve,ml/datasets/processed/WT-097/001272.jpg
WT-097,001316.jpg,2026-02-21 22:43:50,45.458062,135.219304,Bikin Valley,ml/datasets/processed/WT-097/001316.jpg
WT-097,002442.jpg,2026-02-27 20:39:44,46.269305,136.314535,Olga Reserve,ml/datasets/processed/WT-097/002442.jpg
WT-097,002760.jpg,2026-03-05 19:48:39,46.089692,137.473509,Sikhote-Alin South,ml/datasets/processed/WT-097/002760.jpg
WT-097,002792.jpg,2026-03-10 05:23:26,45.188068,136.414128,Sikhote-Alin South,ml/datasets/processed/WT-097/002792.jpg
WT-097,002893.jpg,2026-03-15 23:45:36,45.276763,135.44954,Sikhote-Alin South,ml/datasets/processed/WT-097/002893.jpg
WT-097,003162.jpg,2026-03-21 11:02:30,46.121379,135.702332,Bikin Valley,ml/datasets/processed/WT-097/003162.jpg
WT-097,003782.jpg,2026-03-26 23:20:00,45.558865,136.917105,Sikhote-Alin Central,ml/datasets/processed/WT-097/003782.jpg
WT-097,003783.jpg,2026-04-01 21:35:15,45.813729,135.666318,Sikhote-Alin North,ml/datasets/processed/WT-097/003783.jpg
WT-097,003842.jpg,2026-04-07 10:58:16,46.028099,137.369506,Olga Reserve,ml/datasets/processed/WT-097/003842.jpg
WT-097,003881.jpg,2026-04-13 18:43:05,45.209609,137.098056,Sikhote-Alin Central,ml/datasets/processed/WT-097/003881.jpg
WT-097,004382.jpg,2026-04-18 08:41:23,44.852201,136.481299,Sikhote-Alin South,ml/datasets/processed/WT-097/004382.jpg
WT-097,004555.jpg,2026-04-24 02:46:32,45.901122,137.368897,Olga Reserve,ml/datasets/processed/WT-097/004555.jpg
WT-097,004616.jpg,2026-04-29 15:20:50,44.784205,137.370921,Bikin Valley,ml/datasets/processed/WT-097/004616.jpg
WT-097,004744.jpg,2026-05-04 19:54:41,44.575927,135.14042,Olga Reserve,ml/datasets/processed/WT-097/004744.jpg
WT-097,004843.jpg,2026-05-10 07:49:13,44.937618,136.316121,Sikhote-Alin North,ml/datasets/processed/WT-097/004843.jpg
WT-097,004893.jpg,2026-05-15 11:04:11,46.112891,135.851898,Sikhote-Alin Central,ml/datasets/processed/WT-097/004893.jpg
WT-100,000645.jpg,2026-01-24 01:54:41,44.795424,136.761741,Sikhote-Alin Central,ml/datasets/processed/WT-100/000645.jpg
WT-100,000723.jpg,2026-01-26 12:35:19,46.221339,137.401397,Sikhote-Alin South,ml/datasets/processed/WT-100/000723.jpg
WT-100,000924.jpg,2026-01-27 10:09:46,45.909076,136.655349,Olga Reserve,ml/datasets/processed/WT-100/000924.jpg
WT-100,001477.jpg,2026-01-30 03:20:44,44.772903,135.39376,Bikin Valley,ml/datasets/processed/WT-100/001477.jpg
WT-100,001950.jpg,2026-02-01 17:30:26,46.083685,137.401655,Sikhote-Alin South,ml/datasets/processed/WT-100/001950.jpg
WT-100,002023.jpg,2026-02-04 19:30:04,45.887121,137.322113,Sikhote-Alin South,ml/datasets/processed/WT-100/002023.jpg
WT-100,002027.jpg,2026-02-08 16:31:33,44.946474,136.472375,Sikhote-Alin Central,ml/datasets/processed/WT-100/002027.jpg
WT-100,002065.jpg,2026-02-10 02:30:14,45.089035,135.444271,Sikhote-Alin North,ml/datasets/processed/WT-100/002065.jpg
WT-100,002584.jpg,2026-02-13 03:08:19,46.397576,137.371745,Bikin Valley,ml/datasets/processed/WT-100/002584.jpg
WT-100,002683.jpg,2026-02-16 01:55:03,45.634966,135.455204,Sikhote-Alin South,ml/datasets/processed/WT-100/002683.jpg
WT-100,002862.jpg,2026-02-17 08:23:06,46.342076,137.418829,Sikhote-Alin Central,ml/datasets/processed/WT-100/002862.jpg
WT-100,003052.jpg,2026-02-19 09:04:03,45.49237,135.827921,Sikhote-Alin North,ml/datasets/processed/WT-100/003052.jpg
WT-100,003251.jpg,2026-02-21 08:43:34,44.975992,137.455949,Sikhote-Alin Central,ml/datasets/processed/WT-100/003251.jpg
WT-100,003303.jpg,2026-02-22 10:08:52,46.143324,136.675061,Sikhote-Alin South,ml/datasets/processed/WT-100/003303.jpg
WT-100,003484.jpg,2026-02-23 07:17:01,45.39326,135.663031,Sikhote-Alin Central,ml/datasets/processed/WT-100/003484.jpg
WT-100,003507.jpg,2026-02-25 07:32:46,46.07404,136.801034,Sikhote-Alin North,ml/datasets/processed/WT-100/003507.jpg
WT-100,004207.jpg,2026-02-26 22:38:26,45.271874,136.831461,Sikhote-Alin Central,ml/datasets/processed/WT-100/004207.jpg
WT-100,004643.jpg,2026-03-01 19:00:40,45.257425,136.36506,Sikhote-Alin North,ml/datasets/processed/WT-100/004643.jpg
WT-100,004650.jpg,2026-03-03 11:44:11,46.157614,136.971825,Olga Reserve,ml/datasets/processed/WT-100/004650.jpg
WT-100,005085.jpg,2026-03-05 02:31:34,44.825313,135.184273,Sikhote-Alin North,ml/datasets/processed/WT-100/005085.jpg
WT-100,005137.jpg,2026-03-06 11:25:55,45.089817,135.796792,Sikhote-Alin North,ml/datasets/processed/WT-100/005137.jpg
WT-256,000300.jpg,2026-01-08 16:23:52,44.650005,137.354585,Sikhote-Alin North,ml/datasets/processed/WT-256/000300.jpg
WT-256,000852.jpg,2026-01-11 18:46:09,45.175901,137.46319,Bikin Valley,ml/datasets/processed/WT-256/000852.jpg
WT-256,001130.jpg,2026-01-14 22:32:58,45.80727,136.518294,Bikin Valley,ml/datasets/processed/WT-256/001130.jpg
WT-256,001140.jpg,2026-01-17 14:14:15,44.814208,135.253145,Sikhote-Alin Central,ml/datasets/processed/WT-256/001140.jpg
WT-256,001291.jpg,2026-01-21 16:04:00,45.608225,137.313934,Olga Reserve,ml/datasets/processed/WT-256/001291.jpg
WT-256,001504.jpg,2026-01-24 22:07:10,45.03053,135.703808,Sikhote-Alin Central,ml/datasets/processed/WT-256/001504.jpg
WT-256,001896.jpg,2026-01-28 20:45:37,45.599325,136.227371,Sikhote-Alin North,ml/datasets/processed/WT-256/001896.jpg
WT-256,002370.jpg,2026-02-01 15:05:16,45.221658,136.069015,Sikhote-Alin South,ml/datasets/processed/WT-256/002370.jpg
WT-256,002456.jpg,2026-02-05 10:26:22,45.460657,135.242467,Sikhote-Alin Central,ml/datasets/processed/WT-256/002456.jpg
WT-256,002564.jpg,2026-02-07 22:12:42,44.841664,135.729529,Sikhote-Alin North,ml/datasets/processed/WT-256/002564.jpg
WT-256,002784.jpg,2026-02-10 22:48:58,46.069753,136.177361,Sikhote-Alin South,ml/datasets/processed/WT-256/002784.jpg
WT-256,003462.jpg,2026-02-14 09:00:20,44.682274,136.360315,Sikhote-Alin Central,ml/datasets/processed/WT-256/003462.jpg
WT-256,003523.jpg,2026-02-17 06:28:12,44.873166,135.111542,Bikin Valley,ml/datasets/processed/WT-256/003523.jpg
WT-256,003586.jpg,2026-02-21 03:12:54,45.430116,135.565606,Sikhote-Alin South,ml/datasets/processed/WT-256/003586.jpg
WT-256,003688.jpg,2026-02-24 03:11:03,45.892942,135.241757,Sikhote-Alin South,ml/datasets/processed/WT-256/003688.jpg
WT-256,003970.jpg,2026-02-27 08:13:13,46.11636,136.034967,Olga Reserve,ml/datasets/processed/WT-256/003970.jpg
WT-256,004456.jpg,2026-03-02 17:52:23,45.274212,136.306456,Olga Reserve,ml/datasets/processed/WT-256/004456.jpg
WT-256,004707.jpg,2026-03-06 08:35:13,45.874136,137.340904,Olga Reserve,ml/datasets/processed/WT-256/004707.jpg
WT-256,004937.jpg,2026-03-10 07:27:52,44.65791,137.256943,Sikhote-Alin North,ml/datasets/processed/WT-256/004937.jpg
WT-256,004946.jpg,2026-03-13 03:20:37,45.504203,137.251138,Olga Reserve,ml/datasets/processed/WT-256/004946.jpg
WT-175,000529.jpg,2026-02-12 07:34:26,46.398123,135.417912,Sikhote-Alin Central,ml/datasets/processed/WT-175/000529.jpg
WT-175,001243.jpg,2026-02-14 15:58:43,46.116921,135.315465,Bikin Valley,ml/datasets/processed/WT-175/001243.jpg
WT-175,001259.jpg,2026-02-18 04:34:41,44.903839,137.05641,Sikhote-Alin Central,ml/datasets/processed/WT-175/001259.jpg
WT-175,001359.jpg,2026-02-21 06:46:26,46.168216,135.644716,Sikhote-Alin North,ml/datasets/processed/WT-175/001359.jpg
WT-175,001412.jpg,2026-02-24 15:13:29,45.604108,137.14156,Olga Reserve,ml/datasets/processed/WT-175/001412.jpg
WT-175,001666.jpg,2026-02-27 16:31:01,45.416314,137.183666,Olga Reserve,ml/datasets/processed/WT-175/001666.jpg
WT-175,001824.jpg,2026-03-01 05:41:20,44.725038,135.374106,Olga Reserve,ml/datasets/processed/WT-175/001824.jpg
WT-175,002067.jpg,2026-03-03 04:31:05,45.675868,136.895943,Sikhote-Alin North,ml/datasets/processed/WT-175/002067.jpg
WT-175,002120.jpg,2026-03-06 13:55:15,44.701981,135.715232,Olga Reserve,ml/datasets/processed/WT-175/002120.jpg
WT-175,002210.jpg,2026-03-08 18:15:27,46.260272,137.194734,Sikhote-Alin South,ml/datasets/processed/WT-175/002210.jpg
WT-175,002316.jpg,2026-03-10 18:02:27,45.717924,135.093664,Sikhote-Alin South,ml/datasets/processed/WT-175/002316.jpg
WT-175,002703.jpg,2026-03-13 21:11:01,45.305948,136.545611,Bikin Valley,ml/datasets/processed/WT-175/002703.jpg
WT-175,002886.jpg,2026-03-17 21:33:50,45.162988,135.593948,Bikin Valley,ml/datasets/processed/WT-175/002886.jpg
WT-175,003021.jpg,2026-03-20 20:13:41,46.34167,137.242578,Sikhote-Alin North,ml/datasets/processed/WT-175/003021.jpg
WT-175,003396.jpg,2026-03-22 18:43:46,45.121899,137.107116,Sikhote-Alin North,ml/datasets/processed/WT-175/003396.jpg
WT-175,003612.jpg,2026-03-26 10:17:50,46.444993,135.569894,Sikhote-Alin South,ml/datasets/processed/WT-175/003612.jpg
WT-175,004086.jpg,2026-03-29 18:23:33,46.151647,135.67355,Bikin Valley,ml/datasets/processed/WT-175/004086.jpg
WT-175,004358.jpg,2026-04-01 05:36:56,45.709958,135.223217,Bikin Valley,ml/datasets/processed/WT-175/004358.jpg
WT-175,004522.jpg,2026-04-04 03:17:34,45.98189,136.898733,Sikhote-Alin South,ml/datasets/processed/WT-175/004522.jpg
WT-175,004602.jpg,2026-04-07 23:50:41,46.142035,136.288174,Sikhote-Alin Central,ml/datasets/processed/WT-175/004602.jpg
WT-003,000222.jpg,2026-01-07 20:48:17,46.202591,137.198331,Sikhote-Alin North,ml/datasets/processed/WT-003/000222.jpg
WT-003,000303.jpg,2026-01-11 02:17:07,44.847475,137.187951,Sikhote-Alin Central,ml/datasets/processed/WT-003/000303.jpg
WT-003,000316.jpg,2026-01-14 14:46:04,45.412897,137.295078,Sikhote-Alin Central,ml/datasets/processed/WT-003/000316.jpg
WT-003,000540.jpg,2026-01-17 09:45:41,45.047955,137.058766,Olga Reserve,ml/datasets/processed/WT-003/000540.jpg
WT-003,001014.jpg,2026-01-19 09:16:51,45.862349,135.604845,Bikin Valley,ml/datasets/processed/WT-003/001014.jpg
WT-003,001234.jpg,2026-01-23 14:06:06,45.688087,135.443959,Bikin Valley,ml/datasets/processed/WT-003/001234.jpg
WT-003,001408.jpg,2026-01-26 06:38:51,44.827027,137.23623,Sikhote-Alin North,ml/datasets/processed/WT-003/001408.jpg
WT-003,001414.jpg,2026-01-29 04:25:22,45.070139,135.966414,Sikhote-Alin Central,ml/datasets/processed/WT-003/001414.jpg
WT-003,002373.jpg,2026-02-02 04:01:59,44.928637,135.553378,Sikhote-Alin Central,ml/datasets/processed/WT-003/002373.jpg
WT-003,002379.jpg,2026-02-04 10:40:28,45.85539,135.672709,Bikin Valley,ml/datasets/processed/WT-003/002379.jpg
WT-003,002477.jpg,2026-02-06 07:03:41,46.434277,136.705499,Bikin Valley,ml/datasets/processed/WT-003/002477.jpg
WT-003,002695.jpg,2026-02-09 10:07:43,46.323031,136.618429,Olga Reserve,ml/datasets/processed/WT-003/002695.jpg
WT-003,003317.jpg,2026-02-12 19:45:12,45.716688,137.357512,Sikhote-Alin South,ml/datasets/processed/WT-003/003317.jpg
WT-003,003431.jpg,2026-02-15 14:16:08,45.347614,135.941189,Sikhote-Alin South,ml/datasets/processed/WT-003/003431.jpg
WT-003,004088.jpg,2026-02-18 08:44:16,45.10429,136.301595,Olga Reserve,ml/datasets/processed/WT-003/004088.jpg
WT-003,004307.jpg,2026-02-21 17:36:32,45.294305,135.25578,Olga Reserve,ml/datasets/processed/WT-003/004307.jpg
WT-003,004573.jpg,2026-02-26 19:15:30,46.178757,136.403643,Olga Reserve,ml/datasets/processed/WT-003/004573.jpg
WT-003,004692.jpg,2026-03-02 00:58:09,45.7181,135.74619,Sikhote-Alin North,ml/datasets/processed/WT-003/004692.jpg
WT-003,005046.jpg,2026-03-04 15:43:33,45.052966,135.812843,Sikhote-Alin South,ml/datasets/processed/WT-003/005046.jpg
WT-003,005142.jpg,2026-03-07 23:20:07,45.022294,136.777734,Sikhote-Alin South,ml/datasets/processed/WT-003/005142.jpg
